{
    "test_data": {
        "auc": 0.5964285714285714,
        "cpdag-shd": 100.746,
        "log_prob": -156.48915100097656,
        "mmd-tp": -1,
        "nll_train": 18.503855475847608,
        "nll_val": 18.502903090810733,
        "nnz": 82.952,
        "num_dags": 500,
        "orientation_fscore": 0.16741001937455485,
        "shd": 99.508
    },
    "train_data": {},
    "val_data": {}
}