{"SHD": 64.65625, "F1": 0.14107081896914536, "log_prob_1e_8": -503.654052734375, "log_prob_1e_7": -452.99713134765625, "log_prob_1e_6": -402.340087890625, "log_prob_1e_5": -351.681640625, "log_prob_1e_4": -301.009033203125, "log_prob_1e_3": -250.20005798339844, "log_prob_1e_2": -198.4797821044922, "log_prob_1e_1": -156.87551879882812, "AUC": 0.6795098039215686}