{"SHD": 64.28125, "F1": 0.14368883377743064, "log_prob_1e_8": -566.44287109375, "log_prob_1e_7": -506.5755920410156, "log_prob_1e_6": -446.70831298828125, "log_prob_1e_5": -386.83984375, "log_prob_1e_4": -326.9607849121094, "log_prob_1e_3": -266.9800109863281, "log_prob_1e_2": -206.41615295410156, "log_prob_1e_1": -158.17041015625, "AUC": 0.6456127450980392}