{"SHD": 66.40625, "F1": 0.10549958743899734, "log_prob_1e_8": -606.8350219726562, "log_prob_1e_7": -542.3626098632812, "log_prob_1e_6": -477.89007568359375, "log_prob_1e_5": -413.4160461425781, "log_prob_1e_4": -348.92730712890625, "log_prob_1e_3": -284.2974548339844, "log_prob_1e_2": -218.75924682617188, "log_prob_1e_1": -164.5926055908203, "AUC": 0.5966421568627451}