{"SHD": 67.21875, "F1": 0.103103204537774, "log_prob_1e_8": -544.6720581054688, "log_prob_1e_7": -489.40997314453125, "log_prob_1e_6": -434.14776611328125, "log_prob_1e_5": -378.8835144042969, "log_prob_1e_4": -323.6002502441406, "log_prob_1e_3": -268.13201904296875, "log_prob_1e_2": -211.3560333251953, "log_prob_1e_1": -163.5708465576172, "AUC": 0.6247794117647059}