{"SHD": 64.34375, "F1": 0.17511642390348003, "log_prob_1e_8": -465.71441650390625, "log_prob_1e_7": -419.6627197265625, "log_prob_1e_6": -373.61090087890625, "log_prob_1e_5": -327.5577392578125, "log_prob_1e_4": -281.49224853515625, "log_prob_1e_3": -235.30780029296875, "log_prob_1e_2": -188.38099670410156, "log_prob_1e_1": -152.55575561523438, "AUC": 0.6899754901960784}