{"SHD": 65.0625, "F1": 0.15026283322134976, "log_prob_1e_8": -515.9163208007812, "log_prob_1e_7": -462.95684814453125, "log_prob_1e_6": -409.9973449707031, "log_prob_1e_5": -357.03692626953125, "log_prob_1e_4": -304.0685729980469, "log_prob_1e_3": -251.02442932128906, "log_prob_1e_2": -197.59213256835938, "log_prob_1e_1": -156.5308380126953, "AUC": 0.6807598039215687}