{"SHD": 65.71875, "F1": 0.14897334071898077, "log_prob_1e_8": -535.864013671875, "log_prob_1e_7": -480.6019287109375, "log_prob_1e_6": -425.3398132324219, "log_prob_1e_5": -370.0762939453125, "log_prob_1e_4": -314.79986572265625, "log_prob_1e_3": -259.39990234375, "log_prob_1e_2": -203.23104858398438, "log_prob_1e_1": -158.63845825195312, "AUC": 0.6441421568627451}