{"SHD": 65.875, "F1": 0.13710072267898052, "log_prob_1e_8": -587.3551635742188, "log_prob_1e_7": -525.1853637695312, "log_prob_1e_6": -463.015380859375, "log_prob_1e_5": -400.8439025878906, "log_prob_1e_4": -338.6577453613281, "log_prob_1e_3": -276.3306884765625, "log_prob_1e_2": -213.134521484375, "log_prob_1e_1": -162.48318481445312, "AUC": 0.6160784313725489}