{"SHD": 65.3125, "F1": 0.15375813763232163, "log_prob_1e_8": -518.7447509765625, "log_prob_1e_7": -465.7852783203125, "log_prob_1e_6": -412.82568359375, "log_prob_1e_5": -359.86480712890625, "log_prob_1e_4": -306.8916931152344, "log_prob_1e_3": -253.80062866210938, "log_prob_1e_2": -199.9851531982422, "log_prob_1e_1": -157.77882385253906, "AUC": 0.6630882352941176}