{"SHD": 66.03125, "F1": 0.1389728828950732, "log_prob_1e_8": -598.755126953125, "log_prob_1e_7": -534.2826538085938, "log_prob_1e_6": -469.8102111816406, "log_prob_1e_5": -405.33697509765625, "log_prob_1e_4": -340.85626220703125, "log_prob_1e_3": -276.3052978515625, "log_prob_1e_2": -211.46315002441406, "log_prob_1e_1": -160.68649291992188, "AUC": 0.6098529411764706}