{"SHD": 65.1875, "F1": 0.11948289956286472, "log_prob_1e_8": -661.7015991210938, "log_prob_1e_7": -588.0189208984375, "log_prob_1e_6": -514.336181640625, "log_prob_1e_5": -440.6533508300781, "log_prob_1e_4": -366.9699401855469, "log_prob_1e_3": -293.2835693359375, "log_prob_1e_2": -219.86221313476562, "log_prob_1e_1": -162.4376220703125, "AUC": 0.5875}