{"SHD": 66.5, "F1": 0.112016117712011, "log_prob_1e_8": -575.1141357421875, "log_prob_1e_7": -515.2469482421875, "log_prob_1e_6": -455.3795471191406, "log_prob_1e_5": -395.5103454589844, "log_prob_1e_4": -335.623779296875, "log_prob_1e_3": -275.569091796875, "log_prob_1e_2": -214.37139892578125, "log_prob_1e_1": -163.44813537597656, "AUC": 0.6137990196078431}