{"SHD": 65.375, "F1": 0.12121089582132713, "log_prob_1e_8": -602.9635009765625, "log_prob_1e_7": -538.4910888671875, "log_prob_1e_6": -474.01861572265625, "log_prob_1e_5": -409.54473876953125, "log_prob_1e_4": -345.0582580566406, "log_prob_1e_3": -280.4504089355469, "log_prob_1e_2": -215.11314392089844, "log_prob_1e_1": -161.99908447265625, "AUC": 0.6175735294117646}