{"SHD": 66.0, "F1": 0.09034995661838385, "log_prob_1e_8": -652.1528930664062, "log_prob_1e_7": -580.772705078125, "log_prob_1e_6": -509.3925476074219, "log_prob_1e_5": -438.0115966796875, "log_prob_1e_4": -366.6239013671875, "log_prob_1e_3": -295.1726989746094, "log_prob_1e_2": -223.45846557617188, "log_prob_1e_1": -165.35208129882812, "AUC": 0.5930392156862745}