{"SHD": 67.09375, "F1": 0.12094584574850908, "log_prob_1e_8": -511.9359436035156, "log_prob_1e_7": -461.279052734375, "log_prob_1e_6": -410.6219787597656, "log_prob_1e_5": -359.9627685546875, "log_prob_1e_4": -309.28302001953125, "log_prob_1e_3": -258.40350341796875, "log_prob_1e_2": -206.08615112304688, "log_prob_1e_1": -162.24871826171875, "AUC": 0.6516176470588235}