{"SHD": 66.21875, "F1": 0.0907461251442897, "log_prob_1e_8": -596.062744140625, "log_prob_1e_7": -533.8928833007812, "log_prob_1e_6": -471.72283935546875, "log_prob_1e_5": -409.5504150390625, "log_prob_1e_4": -347.3549499511719, "log_prob_1e_3": -284.9360046386719, "log_prob_1e_2": -220.91775512695312, "log_prob_1e_1": -165.74114990234375, "AUC": 0.5976470588235294}