{"SHD": 66.0, "F1": 0.13981093557703, "log_prob_1e_8": -582.734130859375, "log_prob_1e_7": -520.5643310546875, "log_prob_1e_6": -458.3944396972656, "log_prob_1e_5": -396.2236328125, "log_prob_1e_4": -334.0442199707031, "log_prob_1e_3": -271.7830810546875, "log_prob_1e_2": -209.1351318359375, "log_prob_1e_1": -160.08468627929688, "AUC": 0.610857843137255}