{"SHD": 64.9375, "F1": 0.10565005019053036, "log_prob_1e_8": -587.8255004882812, "log_prob_1e_7": -525.6557006835938, "log_prob_1e_6": -463.4857482910156, "log_prob_1e_5": -401.31439208984375, "log_prob_1e_4": -339.129638671875, "log_prob_1e_3": -276.81524658203125, "log_prob_1e_2": -213.67303466796875, "log_prob_1e_1": -161.63699340820312, "AUC": 0.6314460784313727}