{"SHD": 64.9375, "F1": 0.11865094186741824, "log_prob_1e_8": -570.6828002929688, "log_prob_1e_7": -510.8155822753906, "log_prob_1e_6": -450.9482727050781, "log_prob_1e_5": -391.0794372558594, "log_prob_1e_4": -331.19708251953125, "log_prob_1e_3": -271.183349609375, "log_prob_1e_2": -210.32862854003906, "log_prob_1e_1": -160.59841918945312, "AUC": 0.6344117647058823}