{"SHD": 65.53125, "F1": 0.14121874595448308, "log_prob_1e_8": -504.1701965332031, "log_prob_1e_7": -453.5133056640625, "log_prob_1e_6": -402.8563232421875, "log_prob_1e_5": -352.19805908203125, "log_prob_1e_4": -301.5276794433594, "log_prob_1e_3": -250.7406463623047, "log_prob_1e_2": -199.2122802734375, "log_prob_1e_1": -158.81893920898438, "AUC": 0.6854901960784314}