{"SHD": 65.625, "F1": 0.11622871995706609, "log_prob_1e_8": -557.9995727539062, "log_prob_1e_7": -500.4349060058594, "log_prob_1e_6": -442.87005615234375, "log_prob_1e_5": -385.30328369140625, "log_prob_1e_4": -327.7174072265625, "log_prob_1e_3": -269.94708251953125, "log_prob_1e_2": -210.8960418701172, "log_prob_1e_1": -161.48968505859375, "AUC": 0.6347549019607843}