{"SHD": 65.0625, "F1": 0.11113281858280841, "log_prob_1e_8": -601.7623291015625, "log_prob_1e_7": -537.2899780273438, "log_prob_1e_6": -472.8175048828125, "log_prob_1e_5": -408.3439636230469, "log_prob_1e_4": -343.8605041503906, "log_prob_1e_3": -279.2823486328125, "log_prob_1e_2": -214.18026733398438, "log_prob_1e_1": -161.55001831054688, "AUC": 0.622205882352941}