{"SHD": 65.875, "F1": 0.16307928903898158, "log_prob_1e_8": -455.44158935546875, "log_prob_1e_7": -411.69244384765625, "log_prob_1e_6": -367.9431457519531, "log_prob_1e_5": -324.19195556640625, "log_prob_1e_4": -280.42279052734375, "log_prob_1e_3": -236.47894287109375, "log_prob_1e_2": -191.30572509765625, "log_prob_1e_1": -155.14315795898438, "AUC": 0.6737990196078432}