{"SHD": 67.25, "F1": 0.13354377022848915, "log_prob_1e_8": -567.3301391601562, "log_prob_1e_7": -507.462890625, "log_prob_1e_6": -447.5956115722656, "log_prob_1e_5": -387.7276306152344, "log_prob_1e_4": -327.8531494140625, "log_prob_1e_3": -267.91729736328125, "log_prob_1e_2": -207.74551391601562, "log_prob_1e_1": -161.3028106689453, "AUC": 0.6244362745098039}