{"SHD": 66.53125, "F1": 0.14293890434419967, "log_prob_1e_8": -505.4862365722656, "log_prob_1e_7": -454.829345703125, "log_prob_1e_6": -404.17236328125, "log_prob_1e_5": -353.5137939453125, "log_prob_1e_4": -302.8410339355469, "log_prob_1e_3": -252.0302734375, "log_prob_1e_2": -200.31088256835938, "log_prob_1e_1": -159.1611785888672, "AUC": 0.6576470588235295}