{
    "test_data": {
        "auc": 0.6492708333333334,
        "cpdag-shd": 102.948,
        "log_prob": -154.78286743164062,
        "mmd-tp": -1,
        "nll_train": 30.653753190065196,
        "nll_val": 32.23078478037892,
        "nnz": 97.676,
        "num_dags": 500,
        "orientation_fscore": 0.1865087648960138,
        "shd": 103.928
    },
    "train_data": {},
    "val_data": {}
}