{
    "test_data": {
        "auc": 0.6235049019607843,
        "cpdag-shd": 64.442,
        "log_prob": -762.45751953125,
        "mmd-tp": -1,
        "nll_train": 2366431243.289782,
        "nll_val": 1388373769.2103405,
        "nnz": 11.596,
        "num_dags": 500,
        "orientation_fscore": 0.08630943053111557,
        "shd": 63.922
    },
    "train_data": {},
    "val_data": {}
}