{
    "test_data": {
        "auc": 0.49980263157894744,
        "cpdag-shd": 18.48,
        "log_prob": -511.2290344238281,
        "mmd-tp": -1,
        "nll_train": 122.15022509960228,
        "nll_val": 216.81343176174536,
        "nnz": 1.956,
        "num_dags": 500,
        "orientation_fscore": 0.0022232917806830855,
        "shd": 21.842
    },
    "train_data": {},
    "val_data": {}
}