{
    "test_data": {
        "auc": 0.6480208333333333,
        "cpdag-shd": 103.592,
        "log_prob": -156.81939697265625,
        "mmd-tp": -1,
        "nll_train": 30.33266786283535,
        "nll_val": 33.80932183301908,
        "nnz": 97.194,
        "num_dags": 500,
        "orientation_fscore": 0.18526730785440468,
        "shd": 103.022
    },
    "train_data": {},
    "val_data": {}
}