{
    "test_data": {
        "auc": 0.5127450980392156,
        "cpdag-shd": 65.538,
        "log_prob": -1659.13134765625,
        "mmd-tp": -1,
        "nll_train": 7157059.289781913,
        "nll_val": 16823969.210340373,
        "nnz": 7.94,
        "num_dags": 500,
        "orientation_fscore": 0.039469385246465254,
        "shd": 63.996
    },
    "train_data": {},
    "val_data": {}
}