{"SHD": 100.53125, "F1": 0.11275731464898148, "log_prob": -Infinity, "AUC": 0.42014705882352943}