{"SHD": 108.65625, "F1": 0.10335545639146068, "log_prob": -Infinity, "AUC": 0.3932843137254902}