{"SHD": 111.875, "F1": 0.07646833847497522, "log_prob": -Infinity, "AUC": 0.3427450980392157}