{"SHD": 113.0, "F1": 0.11468834647241519, "log_prob": -Infinity, "AUC": 0.3770588235294118}