{"SHD": 107.6875, "F1": 0.10451193989248406, "log_prob": -Infinity, "AUC": 0.3808578431372549}