{"SHD": 113.28125, "F1": 0.09132911407116215, "log_prob": -Infinity, "AUC": 0.3363725490196079}