{"SHD": 111.03125, "F1": 0.10903480907849833, "log_prob": -Infinity, "AUC": 0.3957843137254902}