{"SHD": 107.96875, "F1": 0.08908041919247893, "log_prob": -Infinity, "AUC": 0.37745098039215685}