{"SHD": 113.4375, "F1": 0.11949268785116429, "log_prob": -Infinity, "AUC": 0.3871813725490196}