{"SHD": 114.5625, "F1": 0.089449350863304, "log_prob": -Infinity, "AUC": 0.3466911764705882}