{"SHD": 115.21875, "F1": 0.1252680673280952, "log_prob": -Infinity, "AUC": 0.3926225490196079}