{"SHD": 109.0625, "F1": 0.14181910488627802, "log_prob": -Infinity, "AUC": 0.45269607843137255}