{"SHD": 115.8125, "F1": 0.11975620429956818, "log_prob": -Infinity, "AUC": 0.3644117647058823}