{"SHD": 103.125, "F1": 0.11431519741577215, "log_prob": -Infinity, "AUC": 0.42419117647058824}