{"SHD": 103.96875, "F1": 0.0943902836888307, "log_prob": -Infinity, "AUC": 0.39389705882352943}