{"SHD": 102.90625, "F1": 0.10335780600130964, "log_prob": -Infinity, "AUC": 0.4139705882352941}