{"SHD": 98.875, "F1": 0.12408889774065499, "log_prob": -Infinity, "AUC": 0.46700980392156866}