{"SHD": 107.25, "F1": 0.09679595618479134, "log_prob": -Infinity, "AUC": 0.392843137254902}