{"SHD": 95.40625, "F1": 0.10449547044034936, "log_prob": -Infinity, "AUC": 0.43159313725490195}