{"SHD": 112.75, "F1": 0.11487023902067733, "log_prob": -Infinity, "AUC": 0.3974754901960784}