{"SHD": 112.125, "F1": 0.10718273734561873, "log_prob": -Infinity, "AUC": 0.36316176470588235}