{"SHD": 110.6875, "F1": 0.14405188423696944, "log_prob": -Infinity, "AUC": 0.47007352941176467}