{"SHD": 103.875, "F1": 0.12749494304892883, "log_prob": -Infinity, "AUC": 0.4583823529411766}