{"SHD": 115.75, "F1": 0.10637670230804344, "log_prob": -Infinity, "AUC": 0.37357843137254904}