{"SHD": 111.40625, "F1": 0.13106095088122793, "log_prob": -Infinity, "AUC": 0.4167401960784314}