{
    "test_data": {
        "auc": 0.6065441176470587,
        "cpdag-shd": 101.982,
        "log_prob": -169.89488220214844,
        "mmd-tp": -1,
        "nll_train": 18.003362813596176,
        "nll_val": 17.999464485667723,
        "nnz": 86.222,
        "num_dags": 500,
        "orientation_fscore": 0.1925177380174153,
        "shd": 103.14
    },
    "train_data": {},
    "val_data": {}
}