{
    "test_data": {
        "auc": 0.6557843137254902,
        "cpdag-shd": 106.838,
        "log_prob": -172.7786102294922,
        "mmd-tp": -1,
        "nll_train": 31.339000688489136,
        "nll_val": 30.869268675690584,
        "nnz": 96.344,
        "num_dags": 500,
        "orientation_fscore": 0.23727856552114993,
        "shd": 107.414
    },
    "train_data": {},
    "val_data": {}
}