{
    "test_data": {
        "auc": 0.5062745098039216,
        "cpdag-shd": 64.288,
        "log_prob": -1363.6064453125,
        "mmd-tp": -1,
        "nll_train": 1030903.4772819137,
        "nll_val": 3059834.9603403723,
        "nnz": 5.604,
        "num_dags": 500,
        "orientation_fscore": 0.009415656073161863,
        "shd": 63.718
    },
    "train_data": {},
    "val_data": {}
}