{
    "test_data": {
        "auc": 0.7106862745098039,
        "cpdag-shd": 107.126,
        "log_prob": -201.5049285888672,
        "mmd-tp": -1,
        "nll_train": 30.990847669954242,
        "nll_val": 33.08350157667596,
        "nnz": 97.956,
        "num_dags": 500,
        "orientation_fscore": 0.26358758636982477,
        "shd": 105.578
    },
    "train_data": {},
    "val_data": {}
}