{
    "test_data": {
        "auc": 0.7339950980392156,
        "cpdag-shd": 107.068,
        "log_prob": -196.18743896484375,
        "mmd-tp": -1,
        "nll_train": 30.614878598875514,
        "nll_val": 30.528464995700688,
        "nnz": 98.584,
        "num_dags": 500,
        "orientation_fscore": 0.26087928090650747,
        "shd": 106.58
    },
    "train_data": {},
    "val_data": {}
}