{
    "test_data": {
        "auc": 0.4399019607843137,
        "cpdag-shd": 69.082,
        "log_prob": -1641.924072265625,
        "mmd-tp": -1,
        "nll_train": 302909.4772819136,
        "nll_val": 1511036.7103403718,
        "nnz": 8.852,
        "num_dags": 500,
        "orientation_fscore": 0.007801056201169645,
        "shd": 66.678
    },
    "train_data": {},
    "val_data": {}
}