{"SHD": 74.34375, "F1": 0.10673318709700733, "log_prob": -Infinity, "AUC": 0.5190625}