{"SHD": 87.75, "F1": 0.07516334839769744, "log_prob": -Infinity, "AUC": 0.4182291666666667}