{"SHD": 66.4375, "F1": 0.1124633529078542, "log_prob": -Infinity, "AUC": 0.5377777777777778}