{"SHD": 75.53125, "F1": 0.12194791188520698, "log_prob": -Infinity, "AUC": 0.5480902777777777}