{"SHD": 86.78125, "F1": 0.09571346828650054, "log_prob": -Infinity, "AUC": 0.46145833333333336}