{"SHD": 68.9375, "F1": 0.14274918516374646, "log_prob": -Infinity, "AUC": 0.6266319444444444}