{"SHD": 85.28125, "F1": 0.08410670612294288, "log_prob": -Infinity, "AUC": 0.43732638888888886}