{"SHD": 90.78125, "F1": 0.09707975725450282, "log_prob": -Infinity, "AUC": 0.42017361111111107}