{"SHD": 78.5, "F1": 0.08517598106319152, "log_prob": -Infinity, "AUC": 0.4575694444444444}