{"SHD": 81.65625, "F1": 0.07253310055130452, "log_prob": -Infinity, "AUC": 0.4384375}