{"SHD": 73.40625, "F1": 0.09373576497294753, "log_prob": -Infinity, "AUC": 0.5082986111111112}