{"SHD": 76.90625, "F1": 0.10845393167036659, "log_prob": -Infinity, "AUC": 0.4892361111111111}