{"SHD": 56.53125, "F1": 0.13687744017128814, "log_prob": -Infinity, "AUC": 0.5975347222222223}