{"SHD": 76.53125, "F1": 0.09511445441693084, "log_prob": -Infinity, "AUC": 0.4661111111111111}