{
    "test_data": {
        "auc": 0.5247368421052632,
        "cpdag-shd": 17.4,
        "log_prob": -661.42626953125,
        "mmd-tp": -1,
        "nll_train": 18.536689360516704,
        "nll_val": 18.540067786712157,
        "nnz": 0.212,
        "num_dags": 500,
        "orientation_fscore": 0.0003809523809523809,
        "shd": 20.204
    },
    "train_data": {},
    "val_data": {}
}