{
    "test_data": {
        "auc": 0.4775657894736842,
        "cpdag-shd": 26.322,
        "log_prob": -541.878173828125,
        "mmd-tp": -1,
        "nll_train": 147.06230242365802,
        "nll_val": 14245.043348184478,
        "nnz": 8.99,
        "num_dags": 500,
        "orientation_fscore": 0.014210664028363134,
        "shd": 27.898
    },
    "train_data": {},
    "val_data": {}
}