{
    "test_data": {
        "auc": 0.39356161347517726,
        "cpdag-shd": 92.938,
        "log_prob": -256.15057373046875,
        "mmd-tp": -1,
        "nll_train": 1025293.2216347331,
        "nll_val": 1724398.0171931915,
        "nnz": 88.278,
        "num_dags": 500,
        "orientation_fscore": 0.06750868335238203,
        "shd": 98.148
    },
    "train_data": {},
    "val_data": {}
}