{"SHD": 24.6875, "F1": 0.1651976323126713, "log_prob": -Infinity, "AUC": 0.6959868421052632}