{"SHD": 22.4375, "F1": 0.18933461850702965, "log_prob": -Infinity, "AUC": 0.7665789473684211}