{"SHD": 30.1875, "F1": 0.16064150854104248, "log_prob": -Infinity, "AUC": 0.6840789473684211}