{"SHD": 24.9375, "F1": 0.1936942160538998, "log_prob": -Infinity, "AUC": 0.7189473684210527}