{"SHD": 35.0625, "F1": 0.09665565606951393, "log_prob": -Infinity, "AUC": 0.6613157894736842}