{"SHD": 27.25, "F1": 0.18802119750901108, "log_prob": -Infinity, "AUC": 0.7496052631578947}