{"SHD": 30.28125, "F1": 0.1654744474096526, "log_prob": -Infinity, "AUC": 0.7784210526315789}