{"SHD": 24.75, "F1": 0.2098626603579685, "log_prob": -Infinity, "AUC": 0.7601315789473685}