{"SHD": 24.375, "F1": 0.17123934518844303, "log_prob": -Infinity, "AUC": 0.7180921052631579}