{"SHD": 26.34375, "F1": 0.17110733028961073, "log_prob": -Infinity, "AUC": 0.7197368421052632}