{
    "test_data": {
        "auc": 0.5142763157894737,
        "cpdag-shd": 18.052,
        "log_prob": -691.070556640625,
        "mmd-tp": -1,
        "nll_train": 18.557745377799414,
        "nll_val": 18.560002174647565,
        "nnz": 0.028,
        "num_dags": 500,
        "orientation_fscore": 0.00018181818181818183,
        "shd": 20.024
    },
    "train_data": {},
    "val_data": {}
}