{
    "test_data": {
        "auc": 0.5896527777777778,
        "cpdag-shd": 105.156,
        "log_prob": -162.69003295898438,
        "mmd-tp": -1,
        "nll_train": 30.873644674977427,
        "nll_val": 33.50601168079625,
        "nnz": 96.636,
        "num_dags": 500,
        "orientation_fscore": 0.16260332297041505,
        "shd": 105.326
    },
    "train_data": {},
    "val_data": {}
}