{
    "test_data": {
        "auc": 0.4928947368421053,
        "cpdag-shd": 16.822,
        "log_prob": -505.36474609375,
        "mmd-tp": -1,
        "nll_train": 56.961124268787444,
        "nll_val": 165.35393256172276,
        "nnz": 1.83,
        "num_dags": 500,
        "orientation_fscore": 0.007980399085616477,
        "shd": 21.496
    },
    "train_data": {},
    "val_data": {}
}