{
    "test_data": {
        "auc": 0.572156862745098,
        "cpdag-shd": 100.908,
        "log_prob": -169.9400177001953,
        "mmd-tp": -1,
        "nll_train": 18.461326527063356,
        "nll_val": 18.464630332266367,
        "nnz": 83.892,
        "num_dags": 500,
        "orientation_fscore": 0.18635642189500415,
        "shd": 103.668
    },
    "train_data": {},
    "val_data": {}
}