{
    "test_data": {
        "auc": 0.6500657894736843,
        "cpdag-shd": 96.708,
        "log_prob": -136.61416625976562,
        "mmd-tp": -1,
        "nll_train": 29.743780323054054,
        "nll_val": 31.468085976355866,
        "nnz": 97.29,
        "num_dags": 500,
        "orientation_fscore": 0.10687154078804639,
        "shd": 100.326
    },
    "train_data": {},
    "val_data": {}
}