{
    "test_data": {
        "auc": 0.7593872549019608,
        "cpdag-shd": 107.932,
        "log_prob": -158.30319213867188,
        "mmd-tp": -1,
        "nll_train": 30.878167162673208,
        "nll_val": 34.474638366776226,
        "nnz": 96.864,
        "num_dags": 500,
        "orientation_fscore": 0.2669922241774128,
        "shd": 105.682
    },
    "train_data": {},
    "val_data": {}
}