{
    "test_data": {
        "auc": 0.5938194444444445,
        "cpdag-shd": 93.804,
        "log_prob": -144.81900024414062,
        "mmd-tp": -1,
        "nll_train": 18.259813694226043,
        "nll_val": 18.259389860574053,
        "nnz": 85.656,
        "num_dags": 500,
        "orientation_fscore": 0.15026557031604704,
        "shd": 96.966
    },
    "train_data": {},
    "val_data": {}
}