{
    "test_data": {
        "auc": 0.6375000000000001,
        "cpdag-shd": 14.602,
        "log_prob": -439.55914306640625,
        "mmd-tp": -1,
        "nll_train": 126.3566058806586,
        "nll_val": 148.92703209211197,
        "nnz": 2.976,
        "num_dags": 500,
        "orientation_fscore": 0.030316117147188387,
        "shd": 22.188
    },
    "train_data": {},
    "val_data": {}
}