{
    "test_data": {
        "auc": 0.5582894736842104,
        "cpdag-shd": 22.83,
        "log_prob": -497.7305603027344,
        "mmd-tp": -1,
        "nll_train": 73.25183409025837,
        "nll_val": 234.839819277166,
        "nnz": 5.914,
        "num_dags": 500,
        "orientation_fscore": 0.1203465397958009,
        "shd": 22.652
    },
    "train_data": {},
    "val_data": {}
}