{
    "test_data": {
        "auc": 0.5155921052631579,
        "cpdag-shd": 9.196,
        "log_prob": -690.4505004882812,
        "mmd-tp": -1,
        "nll_train": 18.59288733833212,
        "nll_val": 18.592747617697967,
        "nnz": 0.102,
        "num_dags": 500,
        "orientation_fscore": 0.0003722943722943723,
        "shd": 20.094
    },
    "train_data": {},
    "val_data": {}
}