{
    "test_data": {
        "auc": 0.5127631578947369,
        "cpdag-shd": 16.16,
        "log_prob": -691.127197265625,
        "mmd-tp": -1,
        "nll_train": 18.539800662385815,
        "nll_val": 18.544031528221822,
        "nnz": 0.084,
        "num_dags": 500,
        "orientation_fscore": 0.00018181818181818183,
        "shd": 20.078
    },
    "train_data": {},
    "val_data": {}
}