{
    "test_data": {
        "auc": 0.6048529411764706,
        "cpdag-shd": 62.04,
        "log_prob": -1343.3568115234375,
        "mmd-tp": -1,
        "nll_train": 44492980235.28978,
        "nll_val": 28903773044744.52,
        "nnz": 4.5,
        "num_dags": 500,
        "orientation_fscore": 0.052934948991284876,
        "shd": 60.508
    },
    "train_data": {},
    "val_data": {}
}