{
    "test_data": {
        "auc": 0.4868421052631579,
        "cpdag-shd": 9.2,
        "log_prob": -720.9755249023438,
        "mmd-tp": -1,
        "nll_train": 18.493242424218383,
        "nll_val": 18.49147306229932,
        "nnz": 0.1,
        "num_dags": 500,
        "orientation_fscore": 0.0,
        "shd": 20.1
    },
    "train_data": {},
    "val_data": {}
}