{
    "test_data": {
        "auc": 0.662892156862745,
        "cpdag-shd": 108.746,
        "log_prob": -168.78807067871094,
        "mmd-tp": -1,
        "nll_train": 31.75454779049646,
        "nll_val": 32.065655168379294,
        "nnz": 95.386,
        "num_dags": 500,
        "orientation_fscore": 0.22924079232481656,
        "shd": 107.232
    },
    "train_data": {},
    "val_data": {}
}