{"SHD": 42.65625, "F1": 0.13159989744174547, "log_prob": -Infinity, "AUC": 0.6653096830473976}