{"SHD": 63.78125, "F1": 0.1180529173585474, "log_prob": -Infinity, "AUC": 0.6363682193990724}