{"SHD": 26.28125, "F1": 0.15398029611194067, "log_prob": -Infinity, "AUC": 0.8119736842105263}