{"SHD": 52.9375, "F1": 0.1193315682669507, "log_prob": -Infinity, "AUC": 0.6305225724790549}