{"SHD": 42.5625, "F1": 0.10963199735930429, "log_prob": -Infinity, "AUC": 0.5910763209393346}