{"SHD": 38.78125, "F1": 0.11298668982183002, "log_prob": -Infinity, "AUC": 0.6502316636069587}