{"SHD": 39.375, "F1": 0.16903526975083882, "log_prob": -Infinity, "AUC": 0.6759482481517197}