{"SHD": 31.625, "F1": 0.14997877968373324, "log_prob": -Infinity, "AUC": 0.7529600000000001}