{"SHD": 27.1875, "F1": 0.1327663208548513, "log_prob": -Infinity, "AUC": 0.7301973684210527}