{"SHD": 59.875, "F1": 0.12940731225403684, "log_prob": -Infinity, "AUC": 0.6720188396488975}