{"SHD": 59.34375, "F1": 0.14143512905917582, "log_prob": -Infinity, "AUC": 0.6427328584633788}