{"SHD": 38.03125, "F1": 0.10014985621017428, "log_prob": -Infinity, "AUC": 0.6424774774774775}