{"SHD": 58.125, "F1": 0.15736695128257538, "log_prob": -Infinity, "AUC": 0.6543417976184003}