{"SHD": 42.71875, "F1": 0.15721147237717337, "log_prob": -Infinity, "AUC": 0.708659072295436}