{"SHD": 34.375, "F1": 0.15474224749256577, "log_prob": -Infinity, "AUC": 0.7463012610465694}