{"SHD": 27.53125, "F1": 0.1610274011621199, "log_prob": -Infinity, "AUC": 0.7444078947368422}