{"SHD": 49.6875, "F1": 0.08861597897504966, "log_prob": -Infinity, "AUC": 0.6361066773077946}