{"SHD": 57.28125, "F1": 0.125344695124534, "log_prob": -Infinity, "AUC": 0.6150285714285715}