{"SHD": 29.90625, "F1": 0.1452569258365395, "log_prob": -Infinity, "AUC": 0.7106782106782106}