{"SHD": 35.40625, "F1": 0.13635765514050274, "log_prob": -Infinity, "AUC": 0.6816105649885811}