{"SHD": 65.40625, "F1": 0.16946940566083554, "log_prob": -Infinity, "AUC": 0.6722749639644117}