{"SHD": 39.6875, "F1": 0.14837497576001357, "log_prob": -Infinity, "AUC": 0.6578730080092476}