{"SHD": 38.125, "F1": 0.136698398313563, "log_prob": -Infinity, "AUC": 0.7148862092391304}