{"SHD": 26.59375, "F1": 0.15780847151771443, "log_prob": -Infinity, "AUC": 0.75398919462244}