{"SHD": 45.625, "F1": 0.15244778527822536, "log_prob": -Infinity, "AUC": 0.6830740819660487}