{
    "test_data": {
        "auc": 0.47703431372549027,
        "cpdag-shd": 62.258,
        "log_prob": -1767.0201416015625,
        "mmd-tp": -1,
        "nll_train": 188137750539.28976,
        "nll_val": 2161108713481.2104,
        "nnz": 4.346,
        "num_dags": 500,
        "orientation_fscore": 0.007539121380405211,
        "shd": 63.562
    },
    "train_data": {},
    "val_data": {}
}