{
    "test_data": {
        "auc": 0.5362990196078432,
        "cpdag-shd": 103.442,
        "log_prob": -171.12039184570312,
        "mmd-tp": -1,
        "nll_train": 18.428348856856694,
        "nll_val": 18.427986067685637,
        "nnz": 84.874,
        "num_dags": 500,
        "orientation_fscore": 0.18436684868318387,
        "shd": 104.618
    },
    "train_data": {},
    "val_data": {}
}