{
    "test_data": {
        "auc": 0.4868421052631579,
        "cpdag-shd": 14.052,
        "log_prob": -720.8995361328125,
        "mmd-tp": -1,
        "nll_train": 18.476324103000316,
        "nll_val": 18.473973818416383,
        "nnz": 0.026,
        "num_dags": 500,
        "orientation_fscore": 0.0,
        "shd": 20.026
    },
    "train_data": {},
    "val_data": {}
}