{
    "test_data": {
        "auc": 0.6415441176470589,
        "cpdag-shd": 109.758,
        "log_prob": -175.1392059326172,
        "mmd-tp": -1,
        "nll_train": 30.998867009936603,
        "nll_val": 33.02753046511505,
        "nnz": 97.114,
        "num_dags": 500,
        "orientation_fscore": 0.23250080700104964,
        "shd": 107.986
    },
    "train_data": {},
    "val_data": {}
}