{
    "test_data": {
        "auc": 0.6301470588235294,
        "cpdag-shd": 104.212,
        "log_prob": -169.54795837402344,
        "mmd-tp": -1,
        "nll_train": 18.165733487648847,
        "nll_val": 18.16738127588959,
        "nnz": 87.042,
        "num_dags": 500,
        "orientation_fscore": 0.1936800207088587,
        "shd": 103.736
    },
    "train_data": {},
    "val_data": {}
}