{
    "test_data": {
        "auc": 0.6929166666666666,
        "cpdag-shd": 106.872,
        "log_prob": -169.86599731445312,
        "mmd-tp": -1,
        "nll_train": 29.890717874086178,
        "nll_val": 30.772761549849918,
        "nnz": 99.026,
        "num_dags": 500,
        "orientation_fscore": 0.25011624404126626,
        "shd": 107.292
    },
    "train_data": {},
    "val_data": {}
}