{
    "test_data": {
        "auc": 0.6021745606196007,
        "cpdag-shd": 92.354,
        "log_prob": -131.41627502441406,
        "mmd-tp": -1,
        "nll_train": 17.888828242699496,
        "nll_val": 17.887248397597247,
        "nnz": 87.688,
        "num_dags": 500,
        "orientation_fscore": 0.11490238931029441,
        "shd": 93.764
    },
    "train_data": {},
    "val_data": {}
}