{
    "test_data": {
        "auc": 0.5538480392156863,
        "cpdag-shd": 110.248,
        "log_prob": -234.11207580566406,
        "mmd-tp": -1,
        "nll_train": 32.06848019704827,
        "nll_val": 32.795632835251524,
        "nnz": 95.59,
        "num_dags": 500,
        "orientation_fscore": 0.20216438567680836,
        "shd": 109.286
    },
    "train_data": {},
    "val_data": {}
}