{
    "test_data": {
        "auc": 0.5187499999999999,
        "cpdag-shd": 11.06,
        "log_prob": -688.36669921875,
        "mmd-tp": -1,
        "nll_train": 18.508246358916686,
        "nll_val": 18.50907596634751,
        "nnz": 0.06,
        "num_dags": 500,
        "orientation_fscore": 0.0028571428571428567,
        "shd": 20.0
    },
    "train_data": {},
    "val_data": {}
}