{
    "test_data": {
        "auc": 0.49078947368421055,
        "cpdag-shd": 14.104,
        "log_prob": -720.926025390625,
        "mmd-tp": -1,
        "nll_train": 18.54657021346361,
        "nll_val": 18.547988206717953,
        "nnz": 0.052,
        "num_dags": 500,
        "orientation_fscore": 0.0,
        "shd": 20.052
    },
    "train_data": {},
    "val_data": {}
}