{
    "test_data": {
        "auc": 0.6522916666666667,
        "cpdag-shd": 103.354,
        "log_prob": -186.68011474609375,
        "mmd-tp": -1,
        "nll_train": 31.477377456949824,
        "nll_val": 32.243289502921705,
        "nnz": 95.994,
        "num_dags": 500,
        "orientation_fscore": 0.18636699485067162,
        "shd": 102.668
    },
    "train_data": {},
    "val_data": {}
}