{
    "test_data": {
        "auc": 0.5003947368421052,
        "cpdag-shd": 23.322,
        "log_prob": -540.5709228515625,
        "mmd-tp": -1,
        "nll_train": 14732.701891288656,
        "nll_val": 10217.522992601698,
        "nnz": 5.816,
        "num_dags": 500,
        "orientation_fscore": 0.013907464956119345,
        "shd": 25.374
    },
    "train_data": {},
    "val_data": {}
}