{
    "test_data": {
        "auc": 0.7474019607843138,
        "cpdag-shd": 106.416,
        "log_prob": -157.45437622070312,
        "mmd-tp": -1,
        "nll_train": 30.990584929802914,
        "nll_val": 33.867301124196246,
        "nnz": 95.576,
        "num_dags": 500,
        "orientation_fscore": 0.28031647976710916,
        "shd": 103.396
    },
    "train_data": {},
    "val_data": {}
}