{
    "test_data": {
        "auc": 0.5680882352941177,
        "cpdag-shd": 105.384,
        "log_prob": -171.07106018066406,
        "mmd-tp": -1,
        "nll_train": 18.193367780859752,
        "nll_val": 18.197544505499884,
        "nnz": 87.366,
        "num_dags": 500,
        "orientation_fscore": 0.19093869791502222,
        "shd": 104.156
    },
    "train_data": {},
    "val_data": {}
}