{
    "test_data": {
        "auc": 0.5771052631578948,
        "cpdag-shd": 22.324,
        "log_prob": -346.8215637207031,
        "mmd-tp": -1,
        "nll_train": 1128.1022807231284,
        "nll_val": 9253.991590371978,
        "nnz": 5.398,
        "num_dags": 500,
        "orientation_fscore": 0.022339991914967577,
        "shd": 23.66
    },
    "train_data": {},
    "val_data": {}
}