{
    "test_data": {
        "auc": 0.4620394736842106,
        "cpdag-shd": 16.234,
        "log_prob": -697.3403930664062,
        "mmd-tp": -1,
        "nll_train": 122.46027599232161,
        "nll_val": 236.78280858747382,
        "nnz": 1.768,
        "num_dags": 500,
        "orientation_fscore": 0.0005454545454545454,
        "shd": 21.696
    },
    "train_data": {},
    "val_data": {}
}