{
    "test_data": {
        "auc": 0.5025347222222222,
        "cpdag-shd": 43.618,
        "log_prob": -1098.966064453125,
        "mmd-tp": -1,
        "nll_train": 39010.614000663656,
        "nll_val": 12875.616590371978,
        "nnz": 5.884,
        "num_dags": 500,
        "orientation_fscore": 0.01977386175858444,
        "shd": 44.364
    },
    "train_data": {},
    "val_data": {}
}