{
    "test_data": {
        "auc": 0.5867647058823529,
        "cpdag-shd": 103.352,
        "log_prob": -169.97650146484375,
        "mmd-tp": -1,
        "nll_train": 18.198637905372614,
        "nll_val": 18.19752012822768,
        "nnz": 86.004,
        "num_dags": 500,
        "orientation_fscore": 0.1912735044744429,
        "shd": 103.718
    },
    "train_data": {},
    "val_data": {}
}