{
    "test_data": {
        "auc": 0.49802083333333336,
        "cpdag-shd": 42.838,
        "log_prob": -1112.7825927734375,
        "mmd-tp": -1,
        "nll_train": 8375.587633476063,
        "nll_val": 2100.5833872469766,
        "nnz": 3.87,
        "num_dags": 500,
        "orientation_fscore": 0.004170227108118381,
        "shd": 43.5
    },
    "train_data": {},
    "val_data": {}
}