{
    "test_data": {
        "auc": 0.46730263157894736,
        "cpdag-shd": 18.226,
        "log_prob": -537.1757202148438,
        "mmd-tp": -1,
        "nll_train": 134.97040558505026,
        "nll_val": 237.31883975934295,
        "nnz": 2.978,
        "num_dags": 500,
        "orientation_fscore": 0.006124033627541875,
        "shd": 22.472
    },
    "train_data": {},
    "val_data": {}
}