{
    "test_data": {
        "auc": 0.5332894736842105,
        "cpdag-shd": 14.156,
        "log_prob": -656.864990234375,
        "mmd-tp": -1,
        "nll_train": 18.545764649963147,
        "nll_val": 18.544448446929955,
        "nnz": 0.12,
        "num_dags": 500,
        "orientation_fscore": 0.0037748917748917747,
        "shd": 20.038
    },
    "train_data": {},
    "val_data": {}
}