{
    "test_data": {
        "auc": 0.7226960784313725,
        "cpdag-shd": 105.694,
        "log_prob": -163.77239990234375,
        "mmd-tp": -1,
        "nll_train": 30.939703912626207,
        "nll_val": 31.556765817326948,
        "nnz": 100.102,
        "num_dags": 500,
        "orientation_fscore": 0.2624699726387646,
        "shd": 106.628
    },
    "train_data": {},
    "val_data": {}
}