{
    "test_data": {
        "auc": 0.6048094373865699,
        "cpdag-shd": 102.784,
        "log_prob": -167.48895263671875,
        "mmd-tp": -1,
        "nll_train": 18.275261051640165,
        "nll_val": 18.276319740159963,
        "nnz": 85.93,
        "num_dags": 500,
        "orientation_fscore": 0.1868201449308959,
        "shd": 103.142
    },
    "train_data": {},
    "val_data": {}
}