{
    "test_data": {
        "auc": 0.5198263888888888,
        "cpdag-shd": 41.274,
        "log_prob": -946.032470703125,
        "mmd-tp": -1,
        "nll_train": 348450.85709796316,
        "nll_val": 447416.70331930794,
        "nnz": 5.67,
        "num_dags": 500,
        "orientation_fscore": 0.029856059599057155,
        "shd": 43.492
    },
    "train_data": {},
    "val_data": {}
}