{"SHD": 57.375, "F1": 0.16776970648010509, "log_prob_1e_8": -266.50390625, "log_prob_1e_7": -243.47805786132812, "log_prob_1e_6": -220.45230102539062, "log_prob_1e_5": -197.42727661132812, "log_prob_1e_4": -174.40985107421875, "log_prob_1e_3": -151.47137451171875, "log_prob_1e_2": -129.5823516845703, "log_prob_1e_1": -128.97723388671875, "AUC": 0.6823958333333333}