{"SHD": 63.796875, "F1": 0.12148014907655745, "log_prob_1e_8": -370.51007080078125, "log_prob_1e_7": -333.66876220703125, "log_prob_1e_6": -296.8275451660156, "log_prob_1e_5": -259.988037109375, "log_prob_1e_4": -223.16555786132812, "log_prob_1e_3": -186.513671875, "log_prob_1e_2": -151.67713928222656, "log_prob_1e_1": -141.69097900390625, "AUC": 0.5625}