{"SHD": 65.9375, "F1": 0.1347448072522136, "log_prob_1e_8": -246.80007934570312, "log_prob_1e_7": -228.37939453125, "log_prob_1e_6": -209.95875549316406, "log_prob_1e_5": -191.538330078125, "log_prob_1e_4": -173.12057495117188, "log_prob_1e_3": -154.73370361328125, "log_prob_1e_2": -137.02688598632812, "log_prob_1e_1": -139.5183868408203, "AUC": 0.6240625}