{"SHD": 68.9375, "F1": 0.10695689106491985, "log_prob_1e_8": -322.16845703125, "log_prob_1e_7": -294.53741455078125, "log_prob_1e_6": -266.90631103515625, "log_prob_1e_5": -239.27474975585938, "log_prob_1e_4": -211.6383514404297, "log_prob_1e_3": -183.96194458007812, "log_prob_1e_2": -156.503662109375, "log_prob_1e_1": -149.73672485351562, "AUC": 0.5451041666666666}