{"SHD": 62.265625, "F1": 0.1161686660536483, "log_prob_1e_8": -388.9229736328125, "log_prob_1e_7": -349.779052734375, "log_prob_1e_6": -310.63525390625, "log_prob_1e_5": -271.49237060546875, "log_prob_1e_4": -232.35952758789062, "log_prob_1e_3": -193.33016967773438, "log_prob_1e_2": -155.6114044189453, "log_prob_1e_1": -141.69793701171875, "AUC": 0.5551736111111112}