{"SHD": 85.8125, "F1": 0.07321956112003278, "log_prob_1e_8": -422.23724365234375, "log_prob_1e_7": -383.09326171875, "log_prob_1e_6": -343.94940185546875, "log_prob_1e_5": -304.8059997558594, "log_prob_1e_4": -265.6678466796875, "log_prob_1e_3": -226.58779907226562, "log_prob_1e_2": -188.5738067626953, "log_prob_1e_1": -176.4691925048828, "AUC": 0.3914930555555556}