{"SHD": 59.765625, "F1": 0.13266894604663063, "log_prob_1e_8": -232.72598266601562, "log_prob_1e_7": -216.60787963867188, "log_prob_1e_6": -200.48965454101562, "log_prob_1e_5": -184.37030029296875, "log_prob_1e_4": -168.23980712890625, "log_prob_1e_3": -152.00567626953125, "log_prob_1e_2": -135.3450469970703, "log_prob_1e_1": -134.74493408203125, "AUC": 0.6462152777777778}