{"SHD": 68.625, "F1": 0.0942833234422596, "log_prob_1e_8": -297.56951904296875, "log_prob_1e_7": -274.54364013671875, "log_prob_1e_6": -251.51756286621094, "log_prob_1e_5": -228.48934936523438, "log_prob_1e_4": -205.44033813476562, "log_prob_1e_3": -182.195556640625, "log_prob_1e_2": -157.93701171875, "log_prob_1e_1": -150.32571411132812, "AUC": 0.5285416666666667}