{"SHD": 59.578125, "F1": 0.1455357651465401, "log_prob_1e_8": -241.79098510742188, "log_prob_1e_7": -223.3703155517578, "log_prob_1e_6": -204.94961547851562, "log_prob_1e_5": -186.52886962890625, "log_prob_1e_4": -168.10748291015625, "log_prob_1e_3": -149.68508911132812, "log_prob_1e_2": -131.6630096435547, "log_prob_1e_1": -132.37197875976562, "AUC": 0.6660069444444445}