{"SHD": 79.375, "F1": 0.08031351701866996, "log_prob_1e_8": -415.13031005859375, "log_prob_1e_7": -375.9863586425781, "log_prob_1e_6": -336.8424072265625, "log_prob_1e_5": -297.69818115234375, "log_prob_1e_4": -258.5518798828125, "log_prob_1e_3": -219.39370727539062, "log_prob_1e_2": -180.80023193359375, "log_prob_1e_1": -166.59149169921875, "AUC": 0.43840277777777775}