{"SHD": 82.109375, "F1": 0.0885035404656476, "log_prob_1e_8": -387.7452697753906, "log_prob_1e_7": -353.20648193359375, "log_prob_1e_6": -318.66766357421875, "log_prob_1e_5": -284.12811279296875, "log_prob_1e_4": -249.58201599121094, "log_prob_1e_3": -214.98141479492188, "log_prob_1e_2": -180.65048217773438, "log_prob_1e_1": -170.59483337402344, "AUC": 0.4659375}