{"SHD": 87.234375, "F1": 0.09659811862149584, "log_prob_1e_8": -373.3918151855469, "log_prob_1e_7": -341.1556091308594, "log_prob_1e_6": -308.91949462890625, "log_prob_1e_5": -276.68408203125, "log_prob_1e_4": -244.45599365234375, "log_prob_1e_3": -212.30569458007812, "log_prob_1e_2": -181.333984375, "log_prob_1e_1": -176.35308837890625, "AUC": 0.4567708333333333}