{"SHD": 74.515625, "F1": 0.11114782894423204, "log_prob_1e_8": -352.93609619140625, "log_prob_1e_7": -320.6999206542969, "log_prob_1e_6": -288.4638671875, "log_prob_1e_5": -256.2288513183594, "log_prob_1e_4": -224.00479125976562, "log_prob_1e_3": -191.89306640625, "log_prob_1e_2": -161.17076110839844, "log_prob_1e_1": -155.10049438476562, "AUC": 0.5180208333333334}