{"SHD": 70.234375, "F1": 0.13499243218738854, "log_prob_1e_8": -207.84005737304688, "log_prob_1e_7": -196.32711791992188, "log_prob_1e_6": -184.8140869140625, "log_prob_1e_5": -173.30014038085938, "log_prob_1e_4": -161.7772674560547, "log_prob_1e_3": -150.17330932617188, "log_prob_1e_2": -138.396484375, "log_prob_1e_1": -144.53451538085938, "AUC": 0.5899652777777777}