{"SHD": 75.171875, "F1": 0.09437932344403442, "log_prob_1e_8": -453.585693359375, "log_prob_1e_7": -407.5339660644531, "log_prob_1e_6": -361.482421875, "log_prob_1e_5": -315.43170166015625, "log_prob_1e_4": -269.3905029296875, "log_prob_1e_3": -223.4496612548828, "log_prob_1e_2": -178.95281982421875, "log_prob_1e_1": -161.79019165039062, "AUC": 0.47201388888888884}