{"SHD": 77.6875, "F1": 0.08285857894317103, "log_prob_1e_8": -441.9847717285156, "log_prob_1e_7": -398.23565673828125, "log_prob_1e_6": -354.4866638183594, "log_prob_1e_5": -310.73858642578125, "log_prob_1e_4": -267.00018310546875, "log_prob_1e_3": -223.36260986328125, "log_prob_1e_2": -181.1009063720703, "log_prob_1e_1": -165.09295654296875, "AUC": 0.43027777777777776}