{"SHD": 64.53125, "F1": 0.1411744637531434, "log_prob_1e_8": -202.0702667236328, "log_prob_1e_7": -190.55731201171875, "log_prob_1e_6": -179.04428100585938, "log_prob_1e_5": -167.53005981445312, "log_prob_1e_4": -156.00448608398438, "log_prob_1e_3": -144.3741455078125, "log_prob_1e_2": -132.3733673095703, "log_prob_1e_1": -137.35574340820312, "AUC": 0.6500347222222222}