{"SHD": 71.90625, "F1": 0.11752579768318594, "log_prob_1e_8": -380.7412109375, "log_prob_1e_7": -343.8998718261719, "log_prob_1e_6": -307.0586242675781, "log_prob_1e_5": -270.218505859375, "log_prob_1e_4": -233.38992309570312, "log_prob_1e_3": -196.68020629882812, "log_prob_1e_2": -161.48907470703125, "log_prob_1e_1": -152.30279541015625, "AUC": 0.5319444444444444}