{"SHD": 91.5, "F1": 0.07957452700417524, "log_prob_1e_8": -456.0204162597656, "log_prob_1e_7": -412.27130126953125, "log_prob_1e_6": -368.52239990234375, "log_prob_1e_5": -324.77532958984375, "log_prob_1e_4": -281.0467224121094, "log_prob_1e_3": -237.50555419921875, "log_prob_1e_2": -196.04763793945312, "log_prob_1e_1": -184.34683227539062, "AUC": 0.377986111111111}