{"SHD": 84.734375, "F1": 0.09935282497579465, "log_prob_1e_8": -324.2681579589844, "log_prob_1e_7": -298.9397277832031, "log_prob_1e_6": -273.6112365722656, "log_prob_1e_5": -248.28224182128906, "log_prob_1e_4": -222.9484405517578, "log_prob_1e_3": -197.57589721679688, "log_prob_1e_2": -172.51870727539062, "log_prob_1e_1": -170.57345581054688, "AUC": 0.4636805555555556}