{"SHD": 51.171875, "F1": 0.14688561916214068, "log_prob_1e_8": -314.74267578125, "log_prob_1e_7": -284.8090515136719, "log_prob_1e_6": -254.87542724609375, "log_prob_1e_5": -224.94137573242188, "log_prob_1e_4": -195.0039520263672, "log_prob_1e_3": -165.03976440429688, "log_prob_1e_2": -135.3834228515625, "log_prob_1e_1": -125.42863464355469, "AUC": 0.6640972222222222}