{"SHD": 71.171875, "F1": 0.09164144028312614, "log_prob_1e_8": -433.59954833984375, "log_prob_1e_7": -389.8504333496094, "log_prob_1e_6": -346.1014404296875, "log_prob_1e_5": -302.35321044921875, "log_prob_1e_4": -258.6133117675781, "log_prob_1e_3": -214.96121215820312, "log_prob_1e_2": -172.57017517089844, "log_prob_1e_1": -155.47280883789062, "AUC": 0.4808333333333333}