{"SHD": 74.546875, "F1": 0.10424028444227378, "log_prob_1e_8": -219.64511108398438, "log_prob_1e_7": -208.13217163085938, "log_prob_1e_6": -196.61907958984375, "log_prob_1e_5": -185.10450744628906, "log_prob_1e_4": -173.57528686523438, "log_prob_1e_3": -161.90882873535156, "log_prob_1e_2": -149.58804321289062, "log_prob_1e_1": -153.5373077392578, "AUC": 0.5254166666666666}