{"SHD": 83.203125, "F1": 0.07967865597570395, "log_prob_1e_8": -421.5926513671875, "log_prob_1e_7": -382.4486999511719, "log_prob_1e_6": -343.3047180175781, "log_prob_1e_5": -304.1603698730469, "log_prob_1e_4": -265.0130615234375, "log_prob_1e_3": -225.84503173828125, "log_prob_1e_2": -187.18356323242188, "log_prob_1e_1": -173.36611938476562, "AUC": 0.4433333333333333}