{"SHD": 79.625, "F1": 0.11555935061112281, "log_prob_1e_8": -302.7489318847656, "log_prob_1e_7": -279.7230529785156, "log_prob_1e_6": -256.6971130371094, "log_prob_1e_5": -233.67005920410156, "log_prob_1e_4": -210.6326141357422, "log_prob_1e_3": -187.50180053710938, "log_prob_1e_2": -164.2451171875, "log_prob_1e_1": -162.6233367919922, "AUC": 0.5255208333333333}