{
    "test_data": {
        "auc": 0.5950657894736843,
        "cpdag-shd": 89.138,
        "log_prob": -121.39916229248047,
        "mmd-tp": -1,
        "nll_train": 18.069969016061258,
        "nll_val": 18.068637298959707,
        "nnz": 86.074,
        "num_dags": 500,
        "orientation_fscore": 0.09185517100788904,
        "shd": 90.278
    },
    "train_data": {},
    "val_data": {}
}