{
    "test_data": {
        "auc": 0.47671052631578953,
        "cpdag-shd": 102.258,
        "log_prob": -189.95199584960938,
        "mmd-tp": -1,
        "nll_train": 31.606240425230993,
        "nll_val": 33.40587853648373,
        "nnz": 99.408,
        "num_dags": 500,
        "orientation_fscore": 0.08172892616547847,
        "shd": 102.842
    },
    "train_data": {},
    "val_data": {}
}