{
    "test_data": {
        "auc": 0.5121568627450981,
        "cpdag-shd": 65.066,
        "log_prob": -1491.91455078125,
        "mmd-tp": -1,
        "nll_train": 3014881034.1911697,
        "nll_val": 10261572617.210339,
        "nnz": 10.344,
        "num_dags": 500,
        "orientation_fscore": 0.05061595523108479,
        "shd": 65.1
    },
    "train_data": {},
    "val_data": {}
}