{
    "test_data": {
        "auc": 0.6298039215686275,
        "cpdag-shd": 108.676,
        "log_prob": -177.61669921875,
        "mmd-tp": -1,
        "nll_train": 30.75867658327028,
        "nll_val": 33.142247851837446,
        "nnz": 98.116,
        "num_dags": 500,
        "orientation_fscore": 0.2316644615350161,
        "shd": 108.464
    },
    "train_data": {},
    "val_data": {}
}