{
    "test_data": {
        "auc": 0.5133333333333333,
        "cpdag-shd": 106.584,
        "log_prob": -168.92242431640625,
        "mmd-tp": -1,
        "nll_train": 31.311084162621015,
        "nll_val": 32.09094927470796,
        "nnz": 95.71,
        "num_dags": 500,
        "orientation_fscore": 0.14562269901797545,
        "shd": 105.576
    },
    "train_data": {},
    "val_data": {}
}