{
    "test_data": {
        "auc": 0.5455555555555556,
        "cpdag-shd": 105.884,
        "log_prob": -162.16998291015625,
        "mmd-tp": -1,
        "nll_train": 32.313590448353864,
        "nll_val": 31.290677701223004,
        "nnz": 95.516,
        "num_dags": 500,
        "orientation_fscore": 0.15156183706175513,
        "shd": 104.876
    },
    "train_data": {},
    "val_data": {}
}