{
    "test_data": {
        "auc": 0.5317105263157895,
        "cpdag-shd": 15.4,
        "log_prob": -462.7069396972656,
        "mmd-tp": -1,
        "nll_train": 108.21621608794482,
        "nll_val": 224.70390305034488,
        "nnz": 4.364,
        "num_dags": 500,
        "orientation_fscore": 0.1397570594647826,
        "shd": 20.898
    },
    "train_data": {},
    "val_data": {}
}