{
    "test_data": {
        "auc": 0.4078472222222222,
        "cpdag-shd": 49.406,
        "log_prob": -1273.84033203125,
        "mmd-tp": -1,
        "nll_train": 10652.292711601156,
        "nll_val": 96825.96225537205,
        "nnz": 6.882,
        "num_dags": 500,
        "orientation_fscore": 0.0010688743101310832,
        "shd": 46.524
    },
    "train_data": {},
    "val_data": {}
}