{
    "test_data": {
        "auc": 0.6239583333333334,
        "cpdag-shd": 105.166,
        "log_prob": -153.5244903564453,
        "mmd-tp": -1,
        "nll_train": 30.479678280758357,
        "nll_val": 31.131578413246906,
        "nnz": 96.136,
        "num_dags": 500,
        "orientation_fscore": 0.17301063960059862,
        "shd": 103.968
    },
    "train_data": {},
    "val_data": {}
}