{
    "test_data": {
        "auc": 0.5556862745098039,
        "cpdag-shd": 103.63,
        "log_prob": -170.75198364257812,
        "mmd-tp": -1,
        "nll_train": 18.329203714322887,
        "nll_val": 18.329664516620277,
        "nnz": 85.688,
        "num_dags": 500,
        "orientation_fscore": 0.18805007126745993,
        "shd": 103.922
    },
    "train_data": {},
    "val_data": {}
}