{
    "test_data": {
        "auc": 0.8087847222222222,
        "cpdag-shd": 102.794,
        "log_prob": -142.29957580566406,
        "mmd-tp": -1,
        "nll_train": 30.30883287886553,
        "nll_val": 32.40883042290148,
        "nnz": 103.228,
        "num_dags": 500,
        "orientation_fscore": 0.25023682520480833,
        "shd": 102.188
    },
    "train_data": {},
    "val_data": {}
}