{
    "test_data": {
        "auc": 0.49034722222222227,
        "cpdag-shd": 38.092,
        "log_prob": -1316.0645751953125,
        "mmd-tp": -1,
        "nll_train": 337575.6022819136,
        "nll_val": 27473365.210340373,
        "nnz": 2.226,
        "num_dags": 500,
        "orientation_fscore": 0.016008787032227863,
        "shd": 41.224
    },
    "train_data": {},
    "val_data": {}
}