{
    "test_data": {
        "auc": 0.47802631578947363,
        "cpdag-shd": 19.908,
        "log_prob": -632.7843627929688,
        "mmd-tp": -1,
        "nll_train": 465.33315022468446,
        "nll_val": 637.3489521882083,
        "nnz": 1.608,
        "num_dags": 500,
        "orientation_fscore": 0.0007193675889328063,
        "shd": 21.532
    },
    "train_data": {},
    "val_data": {}
}