{
    "test_data": {
        "auc": 0.49605263157894736,
        "cpdag-shd": 13.012,
        "log_prob": -720.883544921875,
        "mmd-tp": -1,
        "nll_train": 18.512882966756965,
        "nll_val": 18.516236684652807,
        "nnz": 0.01,
        "num_dags": 500,
        "orientation_fscore": 0.0,
        "shd": 20.006
    },
    "train_data": {},
    "val_data": {}
}