{
    "test_data": {
        "auc": 0.527107843137255,
        "cpdag-shd": 59.53,
        "log_prob": -1372.341796875,
        "mmd-tp": -1,
        "nll_train": 256845163.28978193,
        "nll_val": 19737327625.210342,
        "nnz": 5.75,
        "num_dags": 500,
        "orientation_fscore": 0.06198017659712885,
        "shd": 61.212
    },
    "train_data": {},
    "val_data": {}
}