{
    "test_data": {
        "auc": 0.5922368421052631,
        "cpdag-shd": 90.148,
        "log_prob": -120.43063354492188,
        "mmd-tp": -1,
        "nll_train": 18.514670091876724,
        "nll_val": 18.515591754743205,
        "nnz": 84.678,
        "num_dags": 500,
        "orientation_fscore": 0.08657269076076628,
        "shd": 90.924
    },
    "train_data": {},
    "val_data": {}
}