{
    "test_data": {
        "auc": 0.6678186274509804,
        "cpdag-shd": 109.83,
        "log_prob": -207.90689086914062,
        "mmd-tp": -1,
        "nll_train": 30.859830258353966,
        "nll_val": 33.952617205249815,
        "nnz": 96.674,
        "num_dags": 500,
        "orientation_fscore": 0.23199617050546611,
        "shd": 107.558
    },
    "train_data": {},
    "val_data": {}
}