{
    "test_data": {
        "auc": 0.5534868421052631,
        "cpdag-shd": 86.566,
        "log_prob": -118.73931121826172,
        "mmd-tp": -1,
        "nll_train": 18.394353886786156,
        "nll_val": 18.397771733593522,
        "nnz": 82.87,
        "num_dags": 500,
        "orientation_fscore": 0.08692452626413544,
        "shd": 88.988
    },
    "train_data": {},
    "val_data": {}
}