{
    "test_data": {
        "auc": 0.6415382145150932,
        "cpdag-shd": 102.074,
        "log_prob": -160.9898681640625,
        "mmd-tp": -1,
        "nll_train": 18.224231897543035,
        "nll_val": 18.226230266401704,
        "nnz": 85.352,
        "num_dags": 500,
        "orientation_fscore": 0.18258550431365853,
        "shd": 100.67
    },
    "train_data": {},
    "val_data": {}
}