{"SHD": 44.84375, "F1": 0.15738271765074516, "log_prob_1e_8": -277.11676025390625, "log_prob_1e_7": -251.78829956054688, "log_prob_1e_6": -226.4598846435547, "log_prob_1e_5": -201.13131713867188, "log_prob_1e_4": -175.80206298828125, "log_prob_1e_3": -150.46920776367188, "log_prob_1e_2": -125.4285659790039, "log_prob_1e_1": -117.4961929321289, "AUC": 0.7502430555555556}