{"SHD": 49.25, "F1": 0.12386632486157145, "log_prob_1e_8": -347.64324951171875, "log_prob_1e_7": -313.1044921875, "log_prob_1e_6": -278.5657653808594, "log_prob_1e_5": -244.02720642089844, "log_prob_1e_4": -209.4911651611328, "log_prob_1e_3": -174.9832305908203, "log_prob_1e_2": -141.06028747558594, "log_prob_1e_1": -126.33265686035156, "AUC": 0.6476041666666666}