{"SHD": 44.03125, "F1": 0.17848647011057361, "log_prob_1e_8": -304.56610107421875, "log_prob_1e_7": -274.6325378417969, "log_prob_1e_6": -244.698974609375, "log_prob_1e_5": -214.765869140625, "log_prob_1e_4": -184.83749389648438, "log_prob_1e_3": -154.95912170410156, "log_prob_1e_2": -125.8407974243164, "log_prob_1e_1": -116.03910064697266, "AUC": 0.7259722222222222}