{"SHD": 44.46875, "F1": 0.16729279189653368, "log_prob_1e_8": -213.93460083007812, "log_prob_1e_7": -197.81651306152344, "log_prob_1e_6": -181.69833374023438, "log_prob_1e_5": -165.5795135498047, "log_prob_1e_4": -149.45437622070312, "log_prob_1e_3": -133.27035522460938, "log_prob_1e_2": -116.88490295410156, "log_prob_1e_1": -115.06370544433594, "AUC": 0.7987847222222222}