{"SHD": 46.34375, "F1": 0.13364596180621488, "log_prob_1e_8": -342.7800598144531, "log_prob_1e_7": -308.24127197265625, "log_prob_1e_6": -273.70257568359375, "log_prob_1e_5": -239.1641845703125, "log_prob_1e_4": -204.62965393066406, "log_prob_1e_3": -170.13641357421875, "log_prob_1e_2": -136.32943725585938, "log_prob_1e_1": -121.70421600341797, "AUC": 0.6702083333333334}