{"SHD": 43.53125, "F1": 0.17607431764554293, "log_prob_1e_8": -303.76544189453125, "log_prob_1e_7": -273.8318176269531, "log_prob_1e_6": -243.89828491210938, "log_prob_1e_5": -213.9652557373047, "log_prob_1e_4": -184.03756713867188, "log_prob_1e_3": -154.16607666015625, "log_prob_1e_2": -125.10716247558594, "log_prob_1e_1": -115.48030090332031, "AUC": 0.7350694444444446}