{"SHD": 44.0625, "F1": 0.18146469061562617, "log_prob_1e_8": -258.2704162597656, "log_prob_1e_7": -235.24453735351562, "log_prob_1e_6": -212.21871948242188, "log_prob_1e_5": -189.19293212890625, "log_prob_1e_4": -166.16799926757812, "log_prob_1e_3": -143.1546173095703, "log_prob_1e_2": -120.54222106933594, "log_prob_1e_1": -115.0697021484375, "AUC": 0.764375}