{"SHD": 44.71875, "F1": 0.1701694208925238, "log_prob_1e_8": -291.46142578125, "log_prob_1e_7": -263.8304138183594, "log_prob_1e_6": -236.19940185546875, "log_prob_1e_5": -208.56849670410156, "log_prob_1e_4": -180.93873596191406, "log_prob_1e_3": -153.32388305664062, "log_prob_1e_2": -126.16619873046875, "log_prob_1e_1": -117.07228088378906, "AUC": 0.729375}