{"SHD": 46.0625, "F1": 0.14510755497916894, "log_prob_1e_8": -340.8639831542969, "log_prob_1e_7": -306.3251953125, "log_prob_1e_6": -271.7865295410156, "log_prob_1e_5": -237.24835205078125, "log_prob_1e_4": -202.71591186523438, "log_prob_1e_3": -168.24317932128906, "log_prob_1e_2": -134.61074829101562, "log_prob_1e_1": -120.71894073486328, "AUC": 0.6807638888888888}