{"SHD": 44.53125, "F1": 0.15201686136342735, "log_prob_1e_8": -234.76864624023438, "log_prob_1e_7": -216.34793090820312, "log_prob_1e_6": -197.9271240234375, "log_prob_1e_5": -179.50515747070312, "log_prob_1e_4": -161.07180786132812, "log_prob_1e_3": -142.52992248535156, "log_prob_1e_2": -123.37384033203125, "log_prob_1e_1": -117.5367660522461, "AUC": 0.7764930555555556}