{"SHD": 45.125, "F1": 0.15198759708364315, "log_prob_1e_8": -294.6348876953125, "log_prob_1e_7": -267.00384521484375, "log_prob_1e_6": -239.372802734375, "log_prob_1e_5": -211.74151611328125, "log_prob_1e_4": -184.108154296875, "log_prob_1e_3": -156.45761108398438, "log_prob_1e_2": -128.99942016601562, "log_prob_1e_1": -118.69112396240234, "AUC": 0.7225347222222221}