{"SHD": 46.25, "F1": 0.1571167707135426, "log_prob_1e_8": -235.7081756591797, "log_prob_1e_7": -217.2874755859375, "log_prob_1e_6": -198.86669921875, "log_prob_1e_5": -180.44479370117188, "log_prob_1e_4": -162.01202392578125, "log_prob_1e_3": -143.47607421875, "log_prob_1e_2": -124.37823486328125, "log_prob_1e_1": -119.04472351074219, "AUC": 0.7463888888888889}