{"SHD": 45.90625, "F1": 0.16399837198042377, "log_prob_1e_8": -263.5660400390625, "log_prob_1e_7": -240.5401611328125, "log_prob_1e_6": -217.51425170898438, "log_prob_1e_5": -194.4879150390625, "log_prob_1e_4": -171.45721435546875, "log_prob_1e_3": -148.38734436035156, "log_prob_1e_2": -125.31008911132812, "log_prob_1e_1": -118.3728256225586, "AUC": 0.7345833333333335}