{"SHD": 44.1875, "F1": 0.18339199602334733, "log_prob_1e_8": -273.5572814941406, "log_prob_1e_7": -248.22885131835938, "log_prob_1e_6": -222.90045166015625, "log_prob_1e_5": -197.57220458984375, "log_prob_1e_4": -172.2459716796875, "log_prob_1e_3": -146.9429931640625, "log_prob_1e_2": -122.16400146484375, "log_prob_1e_1": -115.50663757324219, "AUC": 0.7535069444444444}