{"SHD": 43.3125, "F1": 0.17157698607002625, "log_prob_1e_8": -227.6359100341797, "log_prob_1e_7": -209.21524047851562, "log_prob_1e_6": -190.79452514648438, "log_prob_1e_5": -172.37338256835938, "log_prob_1e_4": -153.94857788085938, "log_prob_1e_3": -135.49053955078125, "log_prob_1e_2": -117.04800415039062, "log_prob_1e_1": -113.95482635498047, "AUC": 0.8052083333333333}