{"SHD": 46.65625, "F1": 0.13970487964304854, "log_prob_1e_8": -299.46588134765625, "log_prob_1e_7": -271.8348693847656, "log_prob_1e_6": -244.20376586914062, "log_prob_1e_5": -216.57215881347656, "log_prob_1e_4": -188.9353790283203, "log_prob_1e_3": -161.25157165527344, "log_prob_1e_2": -133.5038604736328, "log_prob_1e_1": -121.97174835205078, "AUC": 0.702048611111111}