{"SHD": 44.0, "F1": 0.164646248469228, "log_prob_1e_8": -261.7351989746094, "log_prob_1e_7": -238.7093505859375, "log_prob_1e_6": -215.68348693847656, "log_prob_1e_5": -192.65731811523438, "log_prob_1e_4": -169.6285400390625, "log_prob_1e_3": -146.57728576660156, "log_prob_1e_2": -123.63307189941406, "log_prob_1e_1": -116.61967468261719, "AUC": 0.766701388888889}