{"SHD": 45.25, "F1": 0.15810927601865626, "log_prob_1e_8": -321.62078857421875, "log_prob_1e_7": -289.38458251953125, "log_prob_1e_6": -257.14849853515625, "log_prob_1e_5": -224.9130859375, "log_prob_1e_4": -192.68495178222656, "log_prob_1e_3": -160.53199768066406, "log_prob_1e_2": -129.35137939453125, "log_prob_1e_1": -118.28115844726562, "AUC": 0.7080555555555555}