{"SHD": 43.6875, "F1": 0.2146621621257216, "log_prob_1e_8": -159.46435546875, "log_prob_1e_7": -150.25401306152344, "log_prob_1e_6": -141.0436553955078, "log_prob_1e_5": -131.83299255371094, "log_prob_1e_4": -122.61969757080078, "log_prob_1e_3": -113.3833236694336, "log_prob_1e_2": -104.22256469726562, "log_prob_1e_1": -110.07256317138672, "AUC": 0.8552083333333333}