{"SHD": 46.34375, "F1": 0.16195317994093578, "log_prob_1e_8": -215.38204956054688, "log_prob_1e_7": -199.26394653320312, "log_prob_1e_6": -183.14581298828125, "log_prob_1e_5": -167.02711486816406, "log_prob_1e_4": -150.90322875976562, "log_prob_1e_3": -134.73153686523438, "log_prob_1e_2": -118.44816589355469, "log_prob_1e_1": -117.07820129394531, "AUC": 0.7778124999999999}