{"SHD": 45.09375, "F1": 0.15713268156097737, "log_prob_1e_8": -292.8369445800781, "log_prob_1e_7": -265.2059326171875, "log_prob_1e_6": -237.5749053955078, "log_prob_1e_5": -209.94393920898438, "log_prob_1e_4": -182.31378173828125, "log_prob_1e_3": -154.6946563720703, "log_prob_1e_2": -127.49603271484375, "log_prob_1e_1": -118.11248016357422, "AUC": 0.7285069444444444}