{"SHD": 44.1875, "F1": 0.15652520127427316, "log_prob_1e_8": -320.64556884765625, "log_prob_1e_7": -288.409423828125, "log_prob_1e_6": -256.1733093261719, "log_prob_1e_5": -223.93798828125, "log_prob_1e_4": -191.7108154296875, "log_prob_1e_3": -159.56680297851562, "log_prob_1e_2": -128.45013427734375, "log_prob_1e_1": -117.33135986328125, "AUC": 0.7283333333333333}