{"SHD": 45.5625, "F1": 0.15151525138847904, "log_prob_1e_8": -311.967041015625, "log_prob_1e_7": -282.033447265625, "log_prob_1e_6": -252.09982299804688, "log_prob_1e_5": -222.16600036621094, "log_prob_1e_4": -192.23052978515625, "log_prob_1e_3": -162.2823944091797, "log_prob_1e_2": -132.5611572265625, "log_prob_1e_1": -120.24491882324219, "AUC": 0.7041319444444445}