{"SHD": 43.84375, "F1": 0.2011739770140323, "log_prob_1e_8": -240.27833557128906, "log_prob_1e_7": -219.55506896972656, "log_prob_1e_6": -198.831787109375, "log_prob_1e_5": -178.10842895507812, "log_prob_1e_4": -157.38441467285156, "log_prob_1e_3": -136.65737915039062, "log_prob_1e_2": -116.23445129394531, "log_prob_1e_1": -113.12025451660156, "AUC": 0.7809027777777777}