{"SHD": 44.84375, "F1": 0.20368440313634295, "log_prob_1e_8": -286.4625244140625, "log_prob_1e_7": -258.8315124511719, "log_prob_1e_6": -231.20053100585938, "log_prob_1e_5": -203.57000732421875, "log_prob_1e_4": -175.94400024414062, "log_prob_1e_3": -148.36654663085938, "log_prob_1e_2": -121.56767272949219, "log_prob_1e_1": -114.7774658203125, "AUC": 0.7338541666666666}