{
    "test_data": {
        "auc": 0.4822916666666666,
        "cpdag-shd": 41.888,
        "log_prob": -1207.792236328125,
        "mmd-tp": -1,
        "nll_train": 5969.167711601156,
        "nll_val": 2313.4456919344766,
        "nnz": 4.414,
        "num_dags": 500,
        "orientation_fscore": 0.00363089600721291,
        "shd": 43.2
    },
    "train_data": {},
    "val_data": {}
}