{
    "test_data": {
        "auc": 0.5270588235294118,
        "cpdag-shd": 113.03,
        "log_prob": -192.74490356445312,
        "mmd-tp": -1,
        "nll_train": 30.063913283801185,
        "nll_val": 31.930106996009457,
        "nnz": 96.964,
        "num_dags": 500,
        "orientation_fscore": 0.19404207655681727,
        "shd": 110.794
    },
    "train_data": {},
    "val_data": {}
}