{
    "test_data": {
        "auc": 0.7010763888888889,
        "cpdag-shd": 100.968,
        "log_prob": -150.06565856933594,
        "mmd-tp": -1,
        "nll_train": 30.663772952773385,
        "nll_val": 32.7222332757751,
        "nnz": 96.802,
        "num_dags": 500,
        "orientation_fscore": 0.19942649374566132,
        "shd": 101.826
    },
    "train_data": {},
    "val_data": {}
}