{
    "test_data": {
        "auc": 0.48111111111111104,
        "cpdag-shd": 45.108,
        "log_prob": -1199.0755615234375,
        "mmd-tp": -1,
        "nll_train": 261871.78978191366,
        "nll_val": 146188.6036862566,
        "nnz": 6.972,
        "num_dags": 500,
        "orientation_fscore": 0.026580624238970185,
        "shd": 44.878
    },
    "train_data": {},
    "val_data": {}
}