{
    "test_data": {
        "auc": 0.5899019607843138,
        "cpdag-shd": 106.412,
        "log_prob": -170.6898956298828,
        "mmd-tp": -1,
        "nll_train": 18.312524385645638,
        "nll_val": 18.312370825457926,
        "nnz": 86.452,
        "num_dags": 500,
        "orientation_fscore": 0.18913647596319907,
        "shd": 104.448
    },
    "train_data": {},
    "val_data": {}
}