{
    "test_data": {
        "auc": 0.6446527777777777,
        "cpdag-shd": 97.562,
        "log_prob": -145.34971618652344,
        "mmd-tp": -1,
        "nll_train": 17.960612165379302,
        "nll_val": 17.960120972218967,
        "nnz": 86.924,
        "num_dags": 500,
        "orientation_fscore": 0.15301072345850908,
        "shd": 97.012
    },
    "train_data": {},
    "val_data": {}
}