{
    "test_data": {
        "auc": 0.4650980392156863,
        "cpdag-shd": 62.282,
        "log_prob": -1851.864501953125,
        "mmd-tp": -1,
        "nll_train": 100809867.28978191,
        "nll_val": 39951557.210340366,
        "nnz": 5.008,
        "num_dags": 500,
        "orientation_fscore": 0.02400444897050124,
        "shd": 61.924
    },
    "train_data": {},
    "val_data": {}
}