{
    "test_data": {
        "auc": 0.6092105263157895,
        "cpdag-shd": 99.26,
        "log_prob": -136.82672119140625,
        "mmd-tp": -1,
        "nll_train": 30.66443388865249,
        "nll_val": 33.438649463621246,
        "nnz": 96.114,
        "num_dags": 500,
        "orientation_fscore": 0.09971681484380304,
        "shd": 100.024
    },
    "train_data": {},
    "val_data": {}
}