{
    "test_data": {
        "auc": 0.48947368421052634,
        "cpdag-shd": 15.072,
        "log_prob": -720.9096069335938,
        "mmd-tp": -1,
        "nll_train": 18.54713830993594,
        "nll_val": 18.548055805021676,
        "nnz": 0.036,
        "num_dags": 500,
        "orientation_fscore": 0.0,
        "shd": 20.036
    },
    "train_data": {},
    "val_data": {}
}