{
    "test_data": {
        "auc": 0.5936599423631124,
        "cpdag-shd": 101.638,
        "log_prob": -161.52386474609375,
        "mmd-tp": -1,
        "nll_train": 18.212263622303432,
        "nll_val": 18.21269700582421,
        "nnz": 86.364,
        "num_dags": 500,
        "orientation_fscore": 0.17808605615661735,
        "shd": 101.894
    },
    "train_data": {},
    "val_data": {}
}