{
    "test_data": {
        "auc": 0.4342763157894737,
        "cpdag-shd": 21.154,
        "log_prob": -602.7260131835938,
        "mmd-tp": -1,
        "nll_train": 123.51275604753985,
        "nll_val": 214.57403175689834,
        "nnz": 3.828,
        "num_dags": 500,
        "orientation_fscore": 0.0048569693752302445,
        "shd": 23.642
    },
    "train_data": {},
    "val_data": {}
}