{
    "test_data": {
        "auc": 0.48965686274509806,
        "cpdag-shd": 64.464,
        "log_prob": -1755.948486328125,
        "mmd-tp": -1,
        "nll_train": 9996501.289781915,
        "nll_val": 1098655113.2103405,
        "nnz": 6.782,
        "num_dags": 500,
        "orientation_fscore": 0.05271518906419351,
        "shd": 62.776
    },
    "train_data": {},
    "val_data": {}
}