{
    "test_data": {
        "auc": 0.44232638888888887,
        "cpdag-shd": 43.748,
        "log_prob": -1291.3013916015625,
        "mmd-tp": -1,
        "nll_train": 185213.33101670834,
        "nll_val": 113604.56971349804,
        "nnz": 5.328,
        "num_dags": 500,
        "orientation_fscore": 0.008597971475978614,
        "shd": 44.782
    },
    "train_data": {},
    "val_data": {}
}