{
    "test_data": {
        "auc": 0.5555902777777778,
        "cpdag-shd": 40.528,
        "log_prob": -1068.87744140625,
        "mmd-tp": -1,
        "nll_train": 741.8340362801202,
        "nll_val": 51639.74159037198,
        "nnz": 5.816,
        "num_dags": 500,
        "orientation_fscore": 0.019083189483914773,
        "shd": 43.036
    },
    "train_data": {},
    "val_data": {}
}