{
    "test_data": {
        "auc": 0.49605263157894736,
        "cpdag-shd": 13.012,
        "log_prob": -720.8795166015625,
        "mmd-tp": -1,
        "nll_train": 18.510618296645394,
        "nll_val": 18.51075967349412,
        "nnz": 0.006,
        "num_dags": 500,
        "orientation_fscore": 0.0,
        "shd": 20.006
    },
    "train_data": {},
    "val_data": {}
}