{"SHD": 26.625, "F1": 0.14925887891166917, "log_prob_1e_8": -119.30408477783203, "log_prob_1e_7": -110.09376525878906, "log_prob_1e_6": -100.88359069824219, "log_prob_1e_5": -91.67481994628906, "log_prob_1e_4": -82.4803466796875, "log_prob_1e_3": -73.43096923828125, "log_prob_1e_2": -66.02931213378906, "log_prob_1e_1": -84.09529876708984, "AUC": 0.7958552631578948}