{"SHD": 26.5625, "F1": 0.1235038052720486, "log_prob_1e_8": -196.62664794921875, "log_prob_1e_7": -175.90341186523438, "log_prob_1e_6": -155.18038940429688, "log_prob_1e_5": -134.4596405029297, "log_prob_1e_4": -113.7617416381836, "log_prob_1e_3": -93.29292297363281, "log_prob_1e_2": -75.20169830322266, "log_prob_1e_1": -85.90632629394531, "AUC": 0.6651315789473685}