{"SHD": 26.84375, "F1": 0.2389338783409346, "log_prob_1e_8": -80.07279968261719, "log_prob_1e_7": -75.4676513671875, "log_prob_1e_6": -70.86270141601562, "log_prob_1e_5": -66.25971221923828, "log_prob_1e_4": -61.67640686035156, "log_prob_1e_3": -57.29124069213867, "log_prob_1e_2": -55.00627136230469, "log_prob_1e_1": -79.95680236816406, "AUC": 0.8759210526315789}