{"SHD": 25.1875, "F1": 0.18316752111386572, "log_prob_1e_8": -160.34213256835938, "log_prob_1e_7": -144.22406005859375, "log_prob_1e_6": -128.10621643066406, "log_prob_1e_5": -111.99059295654297, "log_prob_1e_4": -95.89729309082031, "log_prob_1e_3": -80.02824401855469, "log_prob_1e_2": -66.5042495727539, "log_prob_1e_1": -81.70069885253906, "AUC": 0.7419736842105262}