{"SHD": 26.25, "F1": 0.21651674159696122, "log_prob_1e_8": -96.10209655761719, "log_prob_1e_7": -89.19436645507812, "log_prob_1e_6": -82.28684997558594, "log_prob_1e_5": -75.38150787353516, "log_prob_1e_4": -68.49787902832031, "log_prob_1e_3": -61.83213806152344, "log_prob_1e_2": -57.4139518737793, "log_prob_1e_1": -80.37709045410156, "AUC": 0.8578947368421053}