{"SHD": 26.9375, "F1": 0.15542120902501924, "log_prob_1e_8": -165.00115966796875, "log_prob_1e_7": -148.88308715820312, "log_prob_1e_6": -132.7652130126953, "log_prob_1e_5": -116.6492919921875, "log_prob_1e_4": -100.55307006835938, "log_prob_1e_3": -84.65518951416016, "log_prob_1e_2": -70.88278198242188, "log_prob_1e_1": -85.08522033691406, "AUC": 0.7098026315789473}