{"SHD": 26.875, "F1": 0.14570722458891508, "log_prob_1e_8": -180.84979248046875, "log_prob_1e_7": -162.4291229248047, "log_prob_1e_6": -144.00868225097656, "log_prob_1e_5": -125.59033203125, "log_prob_1e_4": -107.19319152832031, "log_prob_1e_3": -89.00910949707031, "log_prob_1e_2": -73.07389831542969, "log_prob_1e_1": -85.62966918945312, "AUC": 0.6913815789473684}