{"SHD": 27.84375, "F1": 0.16212797962583594, "log_prob_1e_8": -88.83306884765625, "log_prob_1e_7": -84.2279052734375, "log_prob_1e_6": -79.62287139892578, "log_prob_1e_5": -75.01904296875, "log_prob_1e_4": -70.4272689819336, "log_prob_1e_3": -65.95862579345703, "log_prob_1e_2": -62.93650817871094, "log_prob_1e_1": -84.3045654296875, "AUC": 0.8273026315789473}