{"SHD": 28.6875, "F1": 0.15175395138274506, "log_prob_1e_8": -134.39767456054688, "log_prob_1e_7": -122.884765625, "log_prob_1e_6": -111.3720703125, "log_prob_1e_5": -99.86138916015625, "log_prob_1e_4": -88.37112426757812, "log_prob_1e_3": -77.08578491210938, "log_prob_1e_2": -67.95246887207031, "log_prob_1e_1": -86.30221557617188, "AUC": 0.7703289473684211}