{"SHD": 26.0625, "F1": 0.15643751640919162, "log_prob_1e_8": -148.02780151367188, "log_prob_1e_7": -134.21231079101562, "log_prob_1e_6": -120.39701843261719, "log_prob_1e_5": -106.58364868164062, "log_prob_1e_4": -92.78973388671875, "log_prob_1e_3": -79.1914291381836, "log_prob_1e_2": -67.67497253417969, "log_prob_1e_1": -83.45303344726562, "AUC": 0.754671052631579}