{"SHD": 26.125, "F1": 0.20997640042426674, "log_prob_1e_8": -96.08680725097656, "log_prob_1e_7": -89.1790771484375, "log_prob_1e_6": -82.27155303955078, "log_prob_1e_5": -75.36614227294922, "log_prob_1e_4": -68.48182678222656, "log_prob_1e_3": -61.809471130371094, "log_prob_1e_2": -57.34435272216797, "log_prob_1e_1": -80.2791519165039, "AUC": 0.8580263157894737}