{"SHD": 25.78125, "F1": 0.21011730214648694, "log_prob_1e_8": -128.8072509765625, "log_prob_1e_7": -117.29434967041016, "log_prob_1e_6": -105.78166198730469, "log_prob_1e_5": -94.27103424072266, "log_prob_1e_4": -82.78121948242188, "log_prob_1e_3": -71.50057220458984, "log_prob_1e_2": -62.42601776123047, "log_prob_1e_1": -81.3216552734375, "AUC": 0.7946052631578947}