{"SHD": 26.34375, "F1": 0.2135364274349331, "log_prob_1e_8": -69.38261413574219, "log_prob_1e_7": -67.08003234863281, "log_prob_1e_6": -64.77757263183594, "log_prob_1e_5": -62.476173400878906, "log_prob_1e_4": -60.185516357421875, "log_prob_1e_3": -58.00524139404297, "log_prob_1e_2": -57.18510055541992, "log_prob_1e_1": -80.80342864990234, "AUC": 0.8682894736842106}