{"SHD": 26.28125, "F1": 0.20019164159437997, "log_prob_1e_8": -67.1754150390625, "log_prob_1e_7": -64.87284851074219, "log_prob_1e_6": -62.5704231262207, "log_prob_1e_5": -60.269493103027344, "log_prob_1e_4": -57.983463287353516, "log_prob_1e_3": -55.84844207763672, "log_prob_1e_2": -55.39435577392578, "log_prob_1e_1": -80.04690551757812, "AUC": 0.8903947368421052}