{"SHD": 24.9375, "F1": 0.18201461402178343, "log_prob_1e_8": -112.84273529052734, "log_prob_1e_7": -103.63241577148438, "log_prob_1e_6": -94.42230987548828, "log_prob_1e_5": -85.21428680419922, "log_prob_1e_4": -76.02718353271484, "log_prob_1e_3": -67.04996490478516, "log_prob_1e_2": -60.24623107910156, "log_prob_1e_1": -80.34024810791016, "AUC": 0.8373684210526315}