{"SHD": 25.53125, "F1": 0.18775611369627754, "log_prob_1e_8": -129.32542419433594, "log_prob_1e_7": -117.81253051757812, "log_prob_1e_6": -106.29981994628906, "log_prob_1e_5": -94.78910827636719, "log_prob_1e_4": -83.29847717285156, "log_prob_1e_3": -72.0097427368164, "log_prob_1e_2": -62.858421325683594, "log_prob_1e_1": -81.2138671875, "AUC": 0.7955263157894737}