{"SHD": 26.125, "F1": 0.13841123462877603, "log_prob_1e_8": -178.84771728515625, "log_prob_1e_7": -160.42706298828125, "log_prob_1e_6": -142.00665283203125, "log_prob_1e_5": -123.58861541748047, "log_prob_1e_4": -105.1946029663086, "log_prob_1e_3": -87.04094696044922, "log_prob_1e_2": -71.34770202636719, "log_prob_1e_1": -84.42193603515625, "AUC": 0.7111842105263158}