{"SHD": 27.53125, "F1": 0.2002738942197515, "log_prob_1e_8": -89.17893981933594, "log_prob_1e_7": -84.57377624511719, "log_prob_1e_6": -79.96870422363281, "log_prob_1e_5": -75.36454010009766, "log_prob_1e_4": -70.76937103271484, "log_prob_1e_3": -66.26763916015625, "log_prob_1e_2": -62.98234176635742, "log_prob_1e_1": -83.811279296875, "AUC": 0.8145394736842105}