{"SHD": 26.125, "F1": 0.2026874894310121, "log_prob_1e_8": -112.80650329589844, "log_prob_1e_7": -103.59619140625, "log_prob_1e_6": -94.38609313964844, "log_prob_1e_5": -85.17817687988281, "log_prob_1e_4": -75.99212646484375, "log_prob_1e_3": -67.02538299560547, "log_prob_1e_2": -60.32245635986328, "log_prob_1e_1": -81.18760681152344, "AUC": 0.8276315789473685}