{"SHD": 26.875, "F1": 0.217915723951081, "log_prob_1e_8": -112.69496154785156, "log_prob_1e_7": -103.48463439941406, "log_prob_1e_6": -94.2745361328125, "log_prob_1e_5": -85.0665512084961, "log_prob_1e_4": -75.87984466552734, "log_prob_1e_3": -66.90702056884766, "log_prob_1e_2": -60.18205261230469, "log_prob_1e_1": -81.64643859863281, "AUC": 0.8202631578947368}