{"SHD": 25.96875, "F1": 0.17178574551139836, "log_prob_1e_8": -131.42442321777344, "log_prob_1e_7": -119.91151428222656, "log_prob_1e_6": -108.3988037109375, "log_prob_1e_5": -96.88803100585938, "log_prob_1e_4": -85.39663696289062, "log_prob_1e_3": -74.10029602050781, "log_prob_1e_2": -64.86524963378906, "log_prob_1e_1": -82.52513885498047, "AUC": 0.7830921052631579}