{"SHD": 25.4375, "F1": 0.21000072485840393, "log_prob_1e_8": -65.42435455322266, "log_prob_1e_7": -63.12178421020508, "log_prob_1e_6": -60.81938552856445, "log_prob_1e_5": -58.51860809326172, "log_prob_1e_4": -56.234127044677734, "log_prob_1e_3": -54.11426544189453, "log_prob_1e_2": -53.78263473510742, "log_prob_1e_1": -78.7525634765625, "AUC": 0.9051973684210526}