{"SHD": 25.9375, "F1": 0.162255626622831, "log_prob_1e_8": -131.00064086914062, "log_prob_1e_7": -119.48774719238281, "log_prob_1e_6": -107.97505187988281, "log_prob_1e_5": -96.46435546875, "log_prob_1e_4": -84.9738998413086, "log_prob_1e_3": -73.68673706054688, "log_prob_1e_2": -64.5313720703125, "log_prob_1e_1": -82.47957611083984, "AUC": 0.7924342105263158}