{"SHD": 24.875, "F1": 0.2621204236383814, "log_prob_1e_8": -93.85930633544922, "log_prob_1e_7": -86.95157623291016, "log_prob_1e_6": -80.04402923583984, "log_prob_1e_5": -73.1384048461914, "log_prob_1e_4": -66.25196838378906, "log_prob_1e_3": -59.55908966064453, "log_prob_1e_2": -54.94233703613281, "log_prob_1e_1": -77.76148986816406, "AUC": 0.8488157894736843}