{"SHD": 26.46875, "F1": 0.12637425540845787, "log_prob_1e_8": -165.96583557128906, "log_prob_1e_7": -149.8477783203125, "log_prob_1e_6": -133.72988891601562, "log_prob_1e_5": -117.61394500732422, "log_prob_1e_4": -101.51747131347656, "log_prob_1e_3": -85.61685180664062, "log_prob_1e_2": -71.79927062988281, "log_prob_1e_1": -85.27684783935547, "AUC": 0.7175657894736842}