{
    "test_data": {
        "auc": 0.6234027777777778,
        "cpdag-shd": 103.15,
        "log_prob": -155.35980224609375,
        "mmd-tp": -1,
        "nll_train": 30.393852239568275,
        "nll_val": 32.89004160919839,
        "nnz": 97.454,
        "num_dags": 500,
        "orientation_fscore": 0.17302338461847672,
        "shd": 104.692
    },
    "train_data": {},
    "val_data": {}
}