{
    "test_data": {
        "auc": 0.6355921052631579,
        "cpdag-shd": 102.266,
        "log_prob": -141.13922119140625,
        "mmd-tp": -1,
        "nll_train": 30.644385272098347,
        "nll_val": 32.220412072953145,
        "nnz": 97.226,
        "num_dags": 500,
        "orientation_fscore": 0.10760554707159456,
        "shd": 100.48
    },
    "train_data": {},
    "val_data": {}
}