{
    "test_data": {
        "auc": 0.5174019607843138,
        "cpdag-shd": 68.044,
        "log_prob": -1757.732666015625,
        "mmd-tp": -1,
        "nll_train": 11340445.289781915,
        "nll_val": 26326177.210340373,
        "nnz": 7.076,
        "num_dags": 500,
        "orientation_fscore": 0.03525027442189925,
        "shd": 64.624
    },
    "train_data": {},
    "val_data": {}
}