{
    "test_data": {
        "auc": 0.6262254901960784,
        "cpdag-shd": 107.584,
        "log_prob": -181.91734313964844,
        "mmd-tp": -1,
        "nll_train": 29.889857772959118,
        "nll_val": 31.86499064519021,
        "nnz": 96.476,
        "num_dags": 500,
        "orientation_fscore": 0.2268986073989624,
        "shd": 107.822
    },
    "train_data": {},
    "val_data": {}
}