{"SHD": 112.625, "F1": 0.1172017345516751, "log_prob_1e_8": -286.5776672363281, "log_prob_1e_7": -275.06475830078125, "log_prob_1e_6": -263.5515441894531, "log_prob_1e_5": -252.03591918945312, "log_prob_1e_4": -240.49624633789062, "log_prob_1e_3": -228.72308349609375, "log_prob_1e_2": -215.22752380371094, "log_prob_1e_1": -210.19253540039062, "AUC": 0.38522058823529415}