{"SHD": 109.109375, "F1": 0.08819514644932712, "log_prob_1e_8": -483.6575927734375, "log_prob_1e_7": -444.51361083984375, "log_prob_1e_6": -405.3692626953125, "log_prob_1e_5": -366.22161865234375, "log_prob_1e_4": -327.0406799316406, "log_prob_1e_3": -287.54071044921875, "log_prob_1e_2": -245.88339233398438, "log_prob_1e_1": -215.08160400390625, "AUC": 0.33999999999999997}