{"SHD": 101.21875, "F1": 0.09112263652173203, "log_prob_1e_8": -611.4724731445312, "log_prob_1e_7": -551.605224609375, "log_prob_1e_6": -491.73779296875, "log_prob_1e_5": -431.8685302734375, "log_prob_1e_4": -371.9813232421875, "log_prob_1e_3": -311.92608642578125, "log_prob_1e_2": -251.08734130859375, "log_prob_1e_1": -207.61288452148438, "AUC": 0.40517156862745096}