{"SHD": 104.671875, "F1": 0.12903043001816572, "log_prob_1e_8": -337.10064697265625, "log_prob_1e_7": -316.37738037109375, "log_prob_1e_6": -295.65386962890625, "log_prob_1e_5": -274.92828369140625, "log_prob_1e_4": -254.18182373046875, "log_prob_1e_3": -233.23497009277344, "log_prob_1e_2": -210.927490234375, "log_prob_1e_1": -199.2689208984375, "AUC": 0.4488970588235294}