{"SHD": 104.796875, "F1": 0.11921682375975515, "log_prob_1e_8": -299.6282958984375, "log_prob_1e_7": -285.812744140625, "log_prob_1e_6": -271.9967956542969, "log_prob_1e_5": -258.1767578125, "log_prob_1e_4": -244.3162841796875, "log_prob_1e_3": -230.06472778320312, "log_prob_1e_2": -212.95159912109375, "log_prob_1e_1": -201.4656982421875, "AUC": 0.42014705882352943}