{"SHD": 101.890625, "F1": 0.1121892209537873, "log_prob_1e_8": -492.2724609375, "log_prob_1e_7": -448.5233154296875, "log_prob_1e_6": -404.7740478515625, "log_prob_1e_5": -361.0235290527344, "log_prob_1e_4": -317.2603454589844, "log_prob_1e_3": -273.3797302246094, "log_prob_1e_2": -228.99160766601562, "log_prob_1e_1": -200.47720336914062, "AUC": 0.4124019607843137}