{"SHD": 101.640625, "F1": 0.11213330939082249, "log_prob_1e_8": -645.6661987304688, "log_prob_1e_7": -578.8912353515625, "log_prob_1e_6": -512.1163940429688, "log_prob_1e_5": -445.3424377441406, "log_prob_1e_4": -378.5779724121094, "log_prob_1e_3": -311.91204833984375, "log_prob_1e_2": -246.55435180664062, "log_prob_1e_1": -205.48216247558594, "AUC": 0.43186274509803924}