{"SHD": 109.71875, "F1": 0.1141345664395244, "log_prob_1e_8": -484.26995849609375, "log_prob_1e_7": -442.82342529296875, "log_prob_1e_6": -401.37677001953125, "log_prob_1e_5": -359.92919921875, "log_prob_1e_4": -318.47235107421875, "log_prob_1e_3": -276.9307861328125, "log_prob_1e_2": -235.15472412109375, "log_prob_1e_1": -211.31935119628906, "AUC": 0.3927205882352941}