{"SHD": 108.171875, "F1": 0.09937762629082761, "log_prob_1e_8": -453.1912536621094, "log_prob_1e_7": -418.6524353027344, "log_prob_1e_6": -384.11309814453125, "log_prob_1e_5": -349.5688781738281, "log_prob_1e_4": -314.975830078125, "log_prob_1e_3": -279.9161071777344, "log_prob_1e_2": -241.76373291015625, "log_prob_1e_1": -214.06544494628906, "AUC": 0.3957107843137255}