{"SHD": 92.671875, "F1": 0.115025346218907, "log_prob_1e_8": -526.722412109375, "log_prob_1e_7": -476.0655517578125, "log_prob_1e_6": -425.40869140625, "log_prob_1e_5": -374.75189208984375, "log_prob_1e_4": -324.0959167480469, "log_prob_1e_3": -273.45086669921875, "log_prob_1e_2": -223.171875, "log_prob_1e_1": -189.6455535888672, "AUC": 0.4616421568627451}