{"SHD": 107.15625, "F1": 0.11065519522491067, "log_prob_1e_8": -516.670166015625, "log_prob_1e_7": -470.61846923828125, "log_prob_1e_6": -424.566650390625, "log_prob_1e_5": -378.5137023925781, "log_prob_1e_4": -332.4496765136719, "log_prob_1e_3": -286.28289794921875, "log_prob_1e_2": -239.7069091796875, "log_prob_1e_1": -210.0404510498047, "AUC": 0.3878676470588235}