{"SHD": 94.5625, "F1": 0.12545275389121172, "log_prob_1e_8": -374.16253662109375, "log_prob_1e_7": -346.531494140625, "log_prob_1e_6": -318.90020751953125, "log_prob_1e_5": -291.266357421875, "log_prob_1e_4": -263.6076354980469, "log_prob_1e_3": -235.7103729248047, "log_prob_1e_2": -206.25613403320312, "log_prob_1e_1": -186.8760986328125, "AUC": 0.4727941176470588}