{"SHD": 114.734375, "F1": 0.13128963705915164, "log_prob_1e_8": -459.286376953125, "log_prob_1e_7": -422.4449768066406, "log_prob_1e_6": -385.6033935546875, "log_prob_1e_5": -348.75946044921875, "log_prob_1e_4": -311.8931579589844, "log_prob_1e_3": -274.81707763671875, "log_prob_1e_2": -236.72024536132812, "log_prob_1e_1": -216.7882843017578, "AUC": 0.409656862745098}