{"SHD": 107.140625, "F1": 0.0796906088953806, "log_prob_1e_8": -693.1336669921875, "log_prob_1e_7": -621.7534790039062, "log_prob_1e_6": -550.3734130859375, "log_prob_1e_5": -478.99334716796875, "log_prob_1e_4": -407.6153259277344, "log_prob_1e_3": -336.2620849609375, "log_prob_1e_2": -265.64215087890625, "log_prob_1e_1": -217.86773681640625, "AUC": 0.3543872549019608}