{"SHD": 114.65625, "F1": 0.12506101137424858, "log_prob_1e_8": -229.8525390625, "log_prob_1e_7": -227.54989624023438, "log_prob_1e_6": -225.2467498779297, "log_prob_1e_5": -222.93861389160156, "log_prob_1e_4": -220.58065795898438, "log_prob_1e_3": -217.74273681640625, "log_prob_1e_2": -211.4609375, "log_prob_1e_1": -210.64195251464844, "AUC": 0.38938725490196074}