{"SHD": 108.109375, "F1": 0.13840098190545483, "log_prob_1e_8": -287.75128173828125, "log_prob_1e_7": -273.93572998046875, "log_prob_1e_6": -260.1200256347656, "log_prob_1e_5": -246.30259704589844, "log_prob_1e_4": -232.46792602539062, "log_prob_1e_3": -218.46881103515625, "log_prob_1e_2": -203.4451904296875, "log_prob_1e_1": -200.41796875, "AUC": 0.4495833333333333}