{"SHD": 116.21875, "F1": 0.09677403621988889, "log_prob_1e_8": -424.94158935546875, "log_prob_1e_7": -395.0079040527344, "log_prob_1e_6": -365.0740051269531, "log_prob_1e_5": -335.1371154785156, "log_prob_1e_4": -305.1708984375, "log_prob_1e_3": -274.9242858886719, "log_prob_1e_2": -242.84518432617188, "log_prob_1e_1": -223.210205078125, "AUC": 0.3452205882352941}