{"SHD": 104.890625, "F1": 0.09862777016311063, "log_prob_1e_8": -622.70166015625, "log_prob_1e_7": -560.5317993164062, "log_prob_1e_6": -498.362060546875, "log_prob_1e_5": -436.19244384765625, "log_prob_1e_4": -374.02484130859375, "log_prob_1e_3": -311.8819580078125, "log_prob_1e_2": -250.40560913085938, "log_prob_1e_1": -210.46588134765625, "AUC": 0.3925980392156863}