{"SHD": 107.0, "F1": 0.07111040694975067, "log_prob_1e_8": -738.943115234375, "log_prob_1e_7": -660.6552124023438, "log_prob_1e_6": -582.3674926757812, "log_prob_1e_5": -504.08087158203125, "log_prob_1e_4": -425.80670166015625, "log_prob_1e_3": -347.6583251953125, "log_prob_1e_2": -271.00714111328125, "log_prob_1e_1": -219.41943359375, "AUC": 0.3408333333333333}