{"SHD": 106.03125, "F1": 0.11020023667780915, "log_prob_1e_8": -362.1422119140625, "log_prob_1e_7": -339.1163024902344, "log_prob_1e_6": -316.090087890625, "log_prob_1e_5": -293.0605163574219, "log_prob_1e_4": -269.9976501464844, "log_prob_1e_3": -246.6138916015625, "log_prob_1e_2": -220.94815063476562, "log_prob_1e_1": -203.37615966796875, "AUC": 0.3706127450980392}