{"SHD": 110.890625, "F1": 0.13356418404678663, "log_prob_1e_8": -479.20489501953125, "log_prob_1e_7": -437.75836181640625, "log_prob_1e_6": -396.31182861328125, "log_prob_1e_5": -354.8649597167969, "log_prob_1e_4": -313.41552734375, "log_prob_1e_3": -271.94683837890625, "log_prob_1e_2": -230.82723999023438, "log_prob_1e_1": -210.6875, "AUC": 0.4461764705882353}