{"SHD": 95.203125, "F1": 0.1040475231215719, "log_prob_1e_8": -498.3458251953125, "log_prob_1e_7": -454.59661865234375, "log_prob_1e_6": -410.84710693359375, "log_prob_1e_5": -367.09356689453125, "log_prob_1e_4": -323.30078125, "log_prob_1e_3": -279.13287353515625, "log_prob_1e_2": -232.5229034423828, "log_prob_1e_1": -196.7694091796875, "AUC": 0.4590196078431373}