{"SHD": 108.921875, "F1": 0.10986591720462216, "log_prob_1e_8": -425.30596923828125, "log_prob_1e_7": -393.0697326660156, "log_prob_1e_6": -360.83331298828125, "log_prob_1e_5": -328.5946350097656, "log_prob_1e_4": -296.3336486816406, "log_prob_1e_3": -263.8603210449219, "log_prob_1e_2": -230.08877563476562, "log_prob_1e_1": -209.75933837890625, "AUC": 0.38563725490196077}