{"SHD": 114.8125, "F1": 0.11117523544520432, "log_prob_1e_8": -356.8935546875, "log_prob_1e_7": -336.17022705078125, "log_prob_1e_6": -315.4465637207031, "log_prob_1e_5": -294.7190246582031, "log_prob_1e_4": -273.9533386230469, "log_prob_1e_3": -252.82183837890625, "log_prob_1e_2": -229.21365356445312, "log_prob_1e_1": -215.5565948486328, "AUC": 0.34519607843137257}