{"SHD": 109.03125, "F1": 0.13059138870421816, "log_prob_1e_8": -259.55987548828125, "log_prob_1e_7": -250.34951782226562, "log_prob_1e_6": -241.138916015625, "log_prob_1e_5": -231.92584228515625, "log_prob_1e_4": -222.68850708007812, "log_prob_1e_3": -213.218017578125, "log_prob_1e_2": -202.17050170898438, "log_prob_1e_1": -200.80987548828125, "AUC": 0.417156862745098}