{
    "test_data": {
        "auc": 0.48960784313725497,
        "cpdag-shd": 58.724,
        "log_prob": -1818.9903564453125,
        "mmd-tp": -1,
        "nll_train": 22210.603797548254,
        "nll_val": 39914.038461027565,
        "nnz": 6.148,
        "num_dags": 500,
        "orientation_fscore": 0.03763524033969507,
        "shd": 62.188
    },
    "train_data": {},
    "val_data": {}
}