{"SHD": 73.5, "F1": 0.1141648221008052, "log_prob": -Infinity, "AUC": 0.5240277777777778}