{"SHD": 73.5625, "F1": 0.09809034233763236, "log_prob": -Infinity, "AUC": 0.4848611111111111}