{"SHD": 70.40625, "F1": 0.14508051447341322, "log_prob": -Infinity, "AUC": 0.6093402777777779}