{"SHD": 61.125, "F1": 0.15410736055807678, "log_prob": -Infinity, "AUC": 0.6491666666666667}