{"SHD": 63.1875, "F1": 0.16935146814348645, "log_prob": -Infinity, "AUC": 0.6361111111111111}