{"SHD": 81.53125, "F1": 0.09112576740966366, "log_prob": -Infinity, "AUC": 0.4494444444444445}