{"SHD": 83.375, "F1": 0.11304448066697606, "log_prob": -Infinity, "AUC": 0.5178125}