{"SHD": 86.53125, "F1": 0.06799322098431246, "log_prob": -Infinity, "AUC": 0.4036458333333333}