{"SHD": 64.25, "F1": 0.1490764123349832, "log_prob": -Infinity, "AUC": 0.6255902777777778}