{"SHD": 67.46875, "F1": 0.10739256341162037, "log_prob": -Infinity, "AUC": 0.5285416666666666}