{"SHD": 83.96875, "F1": 0.08164222127565673, "log_prob": -Infinity, "AUC": 0.4164583333333333}