{
    "test_data": {
        "auc": 0.4467763157894737,
        "cpdag-shd": 88.792,
        "log_prob": -120.46356964111328,
        "mmd-tp": -1,
        "nll_train": 18.59441583368607,
        "nll_val": 18.592553754557834,
        "nnz": 83.716,
        "num_dags": 500,
        "orientation_fscore": 0.08309090819955015,
        "shd": 90.662
    },
    "train_data": {},
    "val_data": {}
}