{"SHD": 28.9375, "F1": 0.14531986059554056, "log_prob_1e_8": -184.52578735351562, "log_prob_1e_7": -166.10513305664062, "log_prob_1e_6": -147.68466186523438, "log_prob_1e_5": -129.26617431640625, "log_prob_1e_4": -110.86768341064453, "log_prob_1e_3": -92.67047119140625, "log_prob_1e_2": -76.63387298583984, "log_prob_1e_1": -89.18275451660156, "AUC": 0.6702631578947369}