{"SHD": 30.03125, "F1": 0.09628243191169578, "log_prob_1e_8": -173.44879150390625, "log_prob_1e_7": -157.33071899414062, "log_prob_1e_6": -141.2128143310547, "log_prob_1e_5": -125.09640502929688, "log_prob_1e_4": -108.99533081054688, "log_prob_1e_3": -93.05011749267578, "log_prob_1e_2": -78.8765869140625, "log_prob_1e_1": -91.63740539550781, "AUC": 0.6819736842105263}