{"SHD": 28.8125, "F1": 0.13139136951820365, "log_prob_1e_8": -170.42208862304688, "log_prob_1e_7": -154.30401611328125, "log_prob_1e_6": -138.18609619140625, "log_prob_1e_5": -122.06971740722656, "log_prob_1e_4": -105.96893310546875, "log_prob_1e_3": -90.02647399902344, "log_prob_1e_2": -75.88258361816406, "log_prob_1e_1": -88.91117858886719, "AUC": 0.679671052631579}