{"SHD": 29.09375, "F1": 0.10303979042267705, "log_prob_1e_8": -187.15997314453125, "log_prob_1e_7": -168.73931884765625, "log_prob_1e_6": -150.31884765625, "log_prob_1e_5": -131.90017700195312, "log_prob_1e_4": -113.49998474121094, "log_prob_1e_3": -95.28575134277344, "log_prob_1e_2": -79.08985137939453, "log_prob_1e_1": -90.61848449707031, "AUC": 0.6713815789473685}