{"SHD": 29.6875, "F1": 0.14523571389660242, "log_prob_1e_8": -152.31015014648438, "log_prob_1e_7": -138.49468994140625, "log_prob_1e_6": -124.67939758300781, "log_prob_1e_5": -110.86613464355469, "log_prob_1e_4": -97.07316589355469, "log_prob_1e_3": -83.48453521728516, "log_prob_1e_2": -72.06105041503906, "log_prob_1e_1": -88.6795425415039, "AUC": 0.7304605263157895}