{"SHD": 28.9375, "F1": 0.15419681210572125, "log_prob_1e_8": -138.03213500976562, "log_prob_1e_7": -126.51921844482422, "log_prob_1e_6": -115.00645446777344, "log_prob_1e_5": -103.49514770507812, "log_prob_1e_4": -91.99849700927734, "log_prob_1e_3": -80.65082550048828, "log_prob_1e_2": -71.01017761230469, "log_prob_1e_1": -87.8590087890625, "AUC": 0.7422368421052632}