{"SHD": 28.71875, "F1": 0.052279699735335035, "log_prob_1e_8": -207.04864501953125, "log_prob_1e_7": -186.32540893554688, "log_prob_1e_6": -165.60231018066406, "log_prob_1e_5": -144.8804931640625, "log_prob_1e_4": -124.17218017578125, "log_prob_1e_3": -103.60100555419922, "log_prob_1e_2": -84.63450622558594, "log_prob_1e_1": -91.78169250488281, "AUC": 0.6003947368421053}