{"SHD": 26.3125, "F1": 0.08873130213284461, "log_prob_1e_8": -216.71383666992188, "log_prob_1e_7": -193.68801879882812, "log_prob_1e_6": -170.66238403320312, "log_prob_1e_5": -147.6385955810547, "log_prob_1e_4": -124.63360595703125, "log_prob_1e_3": -101.81802368164062, "log_prob_1e_2": -81.0533218383789, "log_prob_1e_1": -88.13604736328125, "AUC": 0.6301973684210526}