{"SHD": 28.8125, "F1": 0.12781019434062613, "log_prob_1e_8": -168.64112854003906, "log_prob_1e_7": -152.5230712890625, "log_prob_1e_6": -136.40518188476562, "log_prob_1e_5": -120.28927612304688, "log_prob_1e_4": -104.19317626953125, "log_prob_1e_3": -88.29644775390625, "log_prob_1e_2": -74.52485656738281, "log_prob_1e_1": -88.73762512207031, "AUC": 0.7059210526315789}