{"SHD": 28.6875, "F1": 0.14206721527669308, "log_prob_1e_8": -164.89517211914062, "log_prob_1e_7": -148.77711486816406, "log_prob_1e_6": -132.65928649902344, "log_prob_1e_5": -116.54388427734375, "log_prob_1e_4": -100.45291900634766, "log_prob_1e_3": -84.60650634765625, "log_prob_1e_2": -71.26107025146484, "log_prob_1e_1": -87.06681823730469, "AUC": 0.7258552631578947}