{"SHD": 28.5, "F1": 0.12856836404369815, "log_prob_1e_8": -168.9542236328125, "log_prob_1e_7": -152.83616638183594, "log_prob_1e_6": -136.71829223632812, "log_prob_1e_5": -120.6024169921875, "log_prob_1e_4": -104.50672912597656, "log_prob_1e_3": -88.61402130126953, "log_prob_1e_2": -74.88078308105469, "log_prob_1e_1": -89.66905212402344, "AUC": 0.7105263157894737}