{"SHD": 28.53125, "F1": 0.1819043523579861, "log_prob_1e_8": -103.80665588378906, "log_prob_1e_7": -96.89891052246094, "log_prob_1e_6": -89.99132537841797, "log_prob_1e_5": -83.0852279663086, "log_prob_1e_4": -76.19412231445312, "log_prob_1e_3": -69.45510864257812, "log_prob_1e_2": -64.43217468261719, "log_prob_1e_1": -85.4991455078125, "AUC": 0.8108552631578948}