{"SHD": 28.375, "F1": 0.08817303617544126, "log_prob_1e_8": -186.74172973632812, "log_prob_1e_7": -168.321044921875, "log_prob_1e_6": -149.9005889892578, "log_prob_1e_5": -131.48193359375, "log_prob_1e_4": -113.08163452148438, "log_prob_1e_3": -94.86625671386719, "log_prob_1e_2": -78.64308166503906, "log_prob_1e_1": -89.6185531616211, "AUC": 0.6677631578947368}