{"SHD": 28.40625, "F1": 0.0913774580077247, "log_prob_1e_8": -216.7664794921875, "log_prob_1e_7": -193.7406463623047, "log_prob_1e_6": -170.71505737304688, "log_prob_1e_5": -147.69174194335938, "log_prob_1e_4": -124.69161987304688, "log_prob_1e_3": -101.92355346679688, "log_prob_1e_2": -81.5525894165039, "log_prob_1e_1": -90.15092468261719, "AUC": 0.6243421052631579}