{"SHD": 29.90625, "F1": 0.1261313360148219, "log_prob_1e_8": -170.4615478515625, "log_prob_1e_7": -154.34349060058594, "log_prob_1e_6": -138.2255859375, "log_prob_1e_5": -122.1095199584961, "log_prob_1e_4": -106.01185607910156, "log_prob_1e_3": -90.09988403320312, "log_prob_1e_2": -76.20156860351562, "log_prob_1e_1": -89.93965148925781, "AUC": 0.6798026315789474}