{"SHD": 29.78125, "F1": 0.10096323843300467, "log_prob_1e_8": -186.8157501220703, "log_prob_1e_7": -168.3950958251953, "log_prob_1e_6": -149.97463989257812, "log_prob_1e_5": -131.5562286376953, "log_prob_1e_4": -113.15837097167969, "log_prob_1e_3": -94.9671859741211, "log_prob_1e_2": -78.96820068359375, "log_prob_1e_1": -91.39324951171875, "AUC": 0.6704605263157895}