{"SHD": 28.875, "F1": 0.12636272557072062, "log_prob_1e_8": -200.61947631835938, "log_prob_1e_7": -179.896240234375, "log_prob_1e_6": -159.1732177734375, "log_prob_1e_5": -138.45230102539062, "log_prob_1e_4": -117.75243377685547, "log_prob_1e_3": -97.26466369628906, "log_prob_1e_2": -79.020751953125, "log_prob_1e_1": -89.47831726074219, "AUC": 0.6351315789473684}