{"SHD": 26.8125, "F1": 0.10517699995062507, "log_prob_1e_8": -229.645751953125, "log_prob_1e_7": -204.31735229492188, "log_prob_1e_6": -178.98919677734375, "log_prob_1e_5": -153.66354370117188, "log_prob_1e_4": -128.36317443847656, "log_prob_1e_3": -103.31573486328125, "log_prob_1e_2": -80.85213470458984, "log_prob_1e_1": -88.19673156738281, "AUC": 0.6169736842105263}