{"SHD": 26.875, "F1": 0.09630032676222172, "log_prob_1e_8": -231.0448455810547, "log_prob_1e_7": -205.7164306640625, "log_prob_1e_6": -180.3882598876953, "log_prob_1e_5": -155.06231689453125, "log_prob_1e_4": -129.75897216796875, "log_prob_1e_3": -104.68267822265625, "log_prob_1e_2": -81.98365783691406, "log_prob_1e_1": -88.5414047241211, "AUC": 0.6048026315789473}