{"SHD": 29.03125, "F1": 0.1482510542791356, "log_prob_1e_8": -120.87118530273438, "log_prob_1e_7": -111.6608657836914, "log_prob_1e_6": -102.45072937011719, "log_prob_1e_5": -93.24235534667969, "log_prob_1e_4": -84.05186462402344, "log_prob_1e_3": -75.04146575927734, "log_prob_1e_2": -67.9722671508789, "log_prob_1e_1": -87.73980712890625, "AUC": 0.790592105263158}