{"SHD": 27.625, "F1": 0.09253907058413087, "log_prob_1e_8": -230.55892944335938, "log_prob_1e_7": -205.23052978515625, "log_prob_1e_6": -179.90237426757812, "log_prob_1e_5": -154.57662963867188, "log_prob_1e_4": -129.27548217773438, "log_prob_1e_3": -104.22038269042969, "log_prob_1e_2": -81.6995620727539, "log_prob_1e_1": -88.92283630371094, "AUC": 0.5990131578947369}