{"SHD": 27.40625, "F1": 0.1745465293433982, "log_prob_1e_8": -103.22254943847656, "log_prob_1e_7": -96.3148193359375, "log_prob_1e_6": -89.40721130371094, "log_prob_1e_5": -82.5009994506836, "log_prob_1e_4": -75.60873413085938, "log_prob_1e_3": -68.85818481445312, "log_prob_1e_2": -63.730140686035156, "log_prob_1e_1": -84.15567016601562, "AUC": 0.8148684210526316}