{"SHD": 27.875, "F1": 0.14034901220121318, "log_prob_1e_8": -182.14529418945312, "log_prob_1e_7": -163.72467041015625, "log_prob_1e_6": -145.30422973632812, "log_prob_1e_5": -126.88600158691406, "log_prob_1e_4": -108.48998260498047, "log_prob_1e_3": -90.3170166015625, "log_prob_1e_2": -74.48167419433594, "log_prob_1e_1": -87.61840057373047, "AUC": 0.6868421052631579}