{"SHD": 27.125, "F1": 0.16382538494703125, "log_prob_1e_8": -118.62449645996094, "log_prob_1e_7": -109.4141616821289, "log_prob_1e_6": -100.20401000976562, "log_prob_1e_5": -90.995361328125, "log_prob_1e_4": -81.80218505859375, "log_prob_1e_3": -72.7656021118164, "log_prob_1e_2": -65.48466491699219, "log_prob_1e_1": -84.36544799804688, "AUC": 0.7959868421052632}