{"SHD": 28.75, "F1": 0.17251416922595914, "log_prob_1e_8": -134.193115234375, "log_prob_1e_7": -122.68021392822266, "log_prob_1e_6": -111.1675033569336, "log_prob_1e_5": -99.6567611694336, "log_prob_1e_4": -88.16574096679688, "log_prob_1e_3": -76.87326049804688, "log_prob_1e_2": -67.69652557373047, "log_prob_1e_1": -86.3747329711914, "AUC": 0.7688157894736842}