{
    "test_data": {
        "auc": 0.6748774509803921,
        "cpdag-shd": 106.004,
        "log_prob": -238.93380737304688,
        "mmd-tp": -1,
        "nll_train": 30.425209213006738,
        "nll_val": 31.806238850070145,
        "nnz": 97.016,
        "num_dags": 500,
        "orientation_fscore": 0.24614833167404063,
        "shd": 106.492
    },
    "train_data": {},
    "val_data": {}
}