{
    "test_data": {
        "auc": 0.46215277777777775,
        "cpdag-shd": 46.438,
        "log_prob": -1357.3856201171875,
        "mmd-tp": -1,
        "nll_train": 23998.475328788656,
        "nll_val": 155140.835340372,
        "nnz": 5.432,
        "num_dags": 500,
        "orientation_fscore": 0.0011689069267341022,
        "shd": 45.326
    },
    "train_data": {},
    "val_data": {}
}