{"SHD": 50.9375, "F1": 0.16267339343542808, "log_prob_1e_8": -75.841796875, "log_prob_1e_7": -75.8418197631836, "log_prob_1e_6": -75.84207153320312, "log_prob_1e_5": -75.8446273803711, "log_prob_1e_4": -75.87005615234375, "log_prob_1e_3": -76.12517547607422, "log_prob_1e_2": -78.74267578125, "log_prob_1e_1": -110.1569595336914, "AUC": 0.8283934955599124}