{"SHD": 58.28125, "F1": 0.17354199744162968, "log_prob_1e_8": -78.9749984741211, "log_prob_1e_7": -78.97502899169922, "log_prob_1e_6": -78.9753189086914, "log_prob_1e_5": -78.97821044921875, "log_prob_1e_4": -79.00711059570312, "log_prob_1e_3": -79.29666137695312, "log_prob_1e_2": -82.23665618896484, "log_prob_1e_1": -115.69012451171875, "AUC": 0.8808732269503546}