{"SHD": 62.09375, "F1": 0.14698763278626548, "log_prob_1e_8": -84.4728775024414, "log_prob_1e_7": -84.47290802001953, "log_prob_1e_6": -84.47320556640625, "log_prob_1e_5": -84.47615051269531, "log_prob_1e_4": -84.50563049316406, "log_prob_1e_3": -84.80091857910156, "log_prob_1e_2": -87.80476379394531, "log_prob_1e_1": -122.29904174804688, "AUC": 0.7865560365560367}