{"SHD": 62.65625, "F1": 0.10682121318281779, "log_prob_1e_8": -85.83018493652344, "log_prob_1e_7": -85.83021545410156, "log_prob_1e_6": -85.83049011230469, "log_prob_1e_5": -85.83332824707031, "log_prob_1e_4": -85.8617172241211, "log_prob_1e_3": -86.14630126953125, "log_prob_1e_2": -89.06185150146484, "log_prob_1e_1": -123.54637145996094, "AUC": 0.7243403785053184}