{"SHD": 63.0, "F1": 0.13439443227961728, "log_prob_1e_8": -86.41577911376953, "log_prob_1e_7": -86.41580200195312, "log_prob_1e_6": -86.41609191894531, "log_prob_1e_5": -86.41891479492188, "log_prob_1e_4": -86.44721984863281, "log_prob_1e_3": -86.73078918457031, "log_prob_1e_2": -89.62332916259766, "log_prob_1e_1": -123.34512329101562, "AUC": 0.7589586339586339}