{"SHD": 60.78125, "F1": 0.16012824424169075, "log_prob_1e_8": -86.81309509277344, "log_prob_1e_7": -86.81311798095703, "log_prob_1e_6": -86.81336975097656, "log_prob_1e_5": -86.81584167480469, "log_prob_1e_4": -86.84065246582031, "log_prob_1e_3": -87.08943176269531, "log_prob_1e_2": -89.643798828125, "log_prob_1e_1": -120.49261474609375, "AUC": 0.8043500617030028}