{"SHD": 57.90625, "F1": 0.12162623197131443, "log_prob_1e_8": -82.15547943115234, "log_prob_1e_7": -82.15550231933594, "log_prob_1e_6": -82.15576171875, "log_prob_1e_5": -82.15840148925781, "log_prob_1e_4": -82.18479919433594, "log_prob_1e_3": -82.44955444335938, "log_prob_1e_2": -85.17597961425781, "log_prob_1e_1": -118.18710327148438, "AUC": 0.7394736842105263}