{"SHD": 57.6875, "F1": 0.18275598756859607, "log_prob_1e_8": -76.3125228881836, "log_prob_1e_7": -76.31255340576172, "log_prob_1e_6": -76.31285095214844, "log_prob_1e_5": -76.3158950805664, "log_prob_1e_4": -76.34623718261719, "log_prob_1e_3": -76.65007781982422, "log_prob_1e_2": -79.72808074951172, "log_prob_1e_1": -114.24745178222656, "AUC": 0.8970130319455657}