{"SHD": 64.3125, "F1": 0.20528080349529584, "log_prob_1e_8": -93.21430969238281, "log_prob_1e_7": -93.2143325805664, "log_prob_1e_6": -93.21456146240234, "log_prob_1e_5": -93.21687316894531, "log_prob_1e_4": -93.239990234375, "log_prob_1e_3": -93.4717025756836, "log_prob_1e_2": -95.84722900390625, "log_prob_1e_1": -124.58680725097656, "AUC": 0.8572404371584699}