{"SHD": 60.6875, "F1": 0.14081572206759463, "log_prob_1e_8": -83.03388214111328, "log_prob_1e_7": -83.03390502929688, "log_prob_1e_6": -83.03419494628906, "log_prob_1e_5": -83.0370101928711, "log_prob_1e_4": -83.0651626586914, "log_prob_1e_3": -83.34730529785156, "log_prob_1e_2": -86.2271957397461, "log_prob_1e_1": -119.79704284667969, "AUC": 0.8128908128908129}