{
    "test_data": {
        "auc": 0.6322916666666667,
        "cpdag-shd": 102.846,
        "log_prob": -155.35711669921875,
        "mmd-tp": -1,
        "nll_train": 31.150680261253967,
        "nll_val": 32.131141172259305,
        "nnz": 96.498,
        "num_dags": 500,
        "orientation_fscore": 0.17817308372410626,
        "shd": 104.036
    },
    "train_data": {},
    "val_data": {}
}