{
    "test_data": {
        "auc": 0.6622569444444444,
        "cpdag-shd": 46.654,
        "log_prob": -651.5029296875,
        "mmd-tp": -1,
        "nll_train": 4579.895679085454,
        "nll_val": 72463.32752787197,
        "nnz": 11.176,
        "num_dags": 500,
        "orientation_fscore": 0.07129673337328557,
        "shd": 45.748
    },
    "train_data": {},
    "val_data": {}
}