{
    "test_data": {
        "auc": 0.5184868421052631,
        "cpdag-shd": 16.084,
        "log_prob": -689.990234375,
        "mmd-tp": -1,
        "nll_train": 18.44484677076338,
        "nll_val": 18.445759706383747,
        "nnz": 0.05,
        "num_dags": 500,
        "orientation_fscore": 0.0005714285714285714,
        "shd": 20.036
    },
    "train_data": {},
    "val_data": {}
}