{
    "test_data": {
        "auc": 0.47468137254901965,
        "cpdag-shd": 61.792,
        "log_prob": -1301.5133056640625,
        "mmd-tp": -1,
        "nll_train": 938039.6647819137,
        "nll_val": 2805109.7103403723,
        "nnz": 5.048,
        "num_dags": 500,
        "orientation_fscore": 0.02318711163831424,
        "shd": 63.08
    },
    "train_data": {},
    "val_data": {}
}