{
    "test_data": {
        "auc": 0.6151315789473685,
        "cpdag-shd": 86.162,
        "log_prob": -118.92796325683594,
        "mmd-tp": -1,
        "nll_train": 18.193549922067476,
        "nll_val": 18.194007993966764,
        "nnz": 83.206,
        "num_dags": 500,
        "orientation_fscore": 0.08792868477690628,
        "shd": 88.782
    },
    "train_data": {},
    "val_data": {}
}