{
    "test_data": {
        "auc": 0.5800490196078432,
        "cpdag-shd": 104.926,
        "log_prob": -173.64297485351562,
        "mmd-tp": -1,
        "nll_train": 17.617492412551947,
        "nll_val": 17.619419590674955,
        "nnz": 88.43,
        "num_dags": 500,
        "orientation_fscore": 0.18878357676386498,
        "shd": 103.922
    },
    "train_data": {},
    "val_data": {}
}