{
    "test_data": {
        "auc": 0.4711458333333334,
        "cpdag-shd": 52.178,
        "log_prob": -1029.9888916015625,
        "mmd-tp": -1,
        "nll_train": 2981.3807140272916,
        "nll_val": 10178.872737485986,
        "nnz": 18.914,
        "num_dags": 500,
        "orientation_fscore": 0.09044625944372617,
        "shd": 51.558
    },
    "train_data": {},
    "val_data": {}
}