{
    "test_data": {
        "auc": 0.5973209404045927,
        "cpdag-shd": 106.118,
        "log_prob": -171.66441345214844,
        "mmd-tp": -1,
        "nll_train": 17.834831993223077,
        "nll_val": 17.82548234980481,
        "nnz": 89.176,
        "num_dags": 500,
        "orientation_fscore": 0.18963030235452483,
        "shd": 104.146
    },
    "train_data": {},
    "val_data": {}
}