{
    "test_data": {
        "auc": 0.5764460784313725,
        "cpdag-shd": 102.916,
        "log_prob": -170.14865112304688,
        "mmd-tp": -1,
        "nll_train": 18.451061702505946,
        "nll_val": 18.44998393065688,
        "nnz": 85.548,
        "num_dags": 500,
        "orientation_fscore": 0.1884368833969691,
        "shd": 104.108
    },
    "train_data": {},
    "val_data": {}
}