{
    "test_data": {
        "auc": 0.49934210526315786,
        "cpdag-shd": 23.948,
        "log_prob": -474.93310546875,
        "mmd-tp": -1,
        "nll_train": 171.597963184602,
        "nll_val": 1003.4627817782261,
        "nnz": 5.948,
        "num_dags": 500,
        "orientation_fscore": 0.014324537719942604,
        "shd": 25.092
    },
    "train_data": {},
    "val_data": {}
}