{"SHD": 46.6875, "F1": 0.18275650985633385, "log_prob_1e_8": -259.550048828125, "log_prob_1e_7": -236.52423095703125, "log_prob_1e_6": -213.49839782714844, "log_prob_1e_5": -190.472900390625, "log_prob_1e_4": -167.45074462890625, "log_prob_1e_3": -144.46485900878906, "log_prob_1e_2": -122.09593963623047, "log_prob_1e_1": -118.02690887451172, "AUC": 0.7536805555555555}