{"SHD": 45.3125, "F1": 0.139644047563576, "log_prob_1e_8": -340.105224609375, "log_prob_1e_7": -305.5664978027344, "log_prob_1e_6": -271.0278015136719, "log_prob_1e_5": -236.48965454101562, "log_prob_1e_4": -201.9576416015625, "log_prob_1e_3": -167.48912048339844, "log_prob_1e_2": -133.8903350830078, "log_prob_1e_1": -120.00692749023438, "AUC": 0.695486111111111}