{"SHD": 45.09375, "F1": 0.1686960343588262, "log_prob_1e_8": -384.376953125, "log_prob_1e_7": -342.9304504394531, "log_prob_1e_6": -301.48406982421875, "log_prob_1e_5": -260.0386047363281, "log_prob_1e_4": -218.60333251953125, "log_prob_1e_3": -177.27183532714844, "log_prob_1e_2": -137.20449829101562, "log_prob_1e_1": -119.64520263671875, "AUC": 0.6431597222222223}