{"SHD": 49.59375, "F1": 0.10245973409265062, "log_prob_1e_8": -427.63262939453125, "log_prob_1e_7": -381.5809326171875, "log_prob_1e_6": -335.52935791015625, "log_prob_1e_5": -289.47869873046875, "log_prob_1e_4": -243.4379425048828, "log_prob_1e_3": -197.497802734375, "log_prob_1e_2": -152.77078247070312, "log_prob_1e_1": -130.20913696289062, "AUC": 0.5950694444444444}