{"SHD": 46.34375, "F1": 0.17339940321599642, "log_prob_1e_8": -293.321044921875, "log_prob_1e_7": -265.69000244140625, "log_prob_1e_6": -238.05902099609375, "log_prob_1e_5": -210.42811584472656, "log_prob_1e_4": -182.7987060546875, "log_prob_1e_3": -155.18739318847656, "log_prob_1e_2": -128.06643676757812, "log_prob_1e_1": -119.42736053466797, "AUC": 0.7220138888888888}