{"SHD": 47.46875, "F1": 0.1262798349438249, "log_prob_1e_8": -376.2365417480469, "log_prob_1e_7": -337.09259033203125, "log_prob_1e_6": -297.94873046875, "log_prob_1e_5": -258.8055419921875, "log_prob_1e_4": -219.6694793701172, "log_prob_1e_3": -180.60687255859375, "log_prob_1e_2": -142.51455688476562, "log_prob_1e_1": -125.12857055664062, "AUC": 0.6547569444444444}