{"SHD": 46.40625, "F1": 0.09749147317039158, "log_prob_1e_8": -349.48321533203125, "log_prob_1e_7": -314.9444580078125, "log_prob_1e_6": -280.4056396484375, "log_prob_1e_5": -245.86648559570312, "log_prob_1e_4": -211.32440185546875, "log_prob_1e_3": -176.75631713867188, "log_prob_1e_2": -142.3035125732422, "log_prob_1e_1": -124.78564453125, "AUC": 0.6707291666666666}