{"SHD": 46.46875, "F1": 0.0971588947935332, "log_prob_1e_8": -366.4251708984375, "log_prob_1e_7": -329.58380126953125, "log_prob_1e_6": -292.742431640625, "log_prob_1e_5": -255.90042114257812, "log_prob_1e_4": -219.0535888671875, "log_prob_1e_3": -182.16220092773438, "log_prob_1e_2": -145.25343322753906, "log_prob_1e_1": -125.37968444824219, "AUC": 0.6452777777777777}