{"SHD": 47.15625, "F1": 0.1525031657084746, "log_prob_1e_8": -329.8678283691406, "log_prob_1e_7": -297.63165283203125, "log_prob_1e_6": -265.39544677734375, "log_prob_1e_5": -233.15911865234375, "log_prob_1e_4": -200.9219970703125, "log_prob_1e_3": -168.6804656982422, "log_prob_1e_2": -136.76246643066406, "log_prob_1e_1": -123.35467529296875, "AUC": 0.6846874999999999}