{"SHD": 47.1875, "F1": 0.117918717101061, "log_prob_1e_8": -334.7799377441406, "log_prob_1e_7": -302.54376220703125, "log_prob_1e_6": -270.3074951171875, "log_prob_1e_5": -238.07049560546875, "log_prob_1e_4": -205.82675170898438, "log_prob_1e_3": -173.52008056640625, "log_prob_1e_2": -141.03207397460938, "log_prob_1e_1": -124.85037994384766, "AUC": 0.6579166666666667}