{"SHD": 47.09375, "F1": 0.15520752487829542, "log_prob_1e_8": -292.7295227050781, "log_prob_1e_7": -265.0985107421875, "log_prob_1e_6": -237.46754455566406, "log_prob_1e_5": -209.83709716796875, "log_prob_1e_4": -182.21212768554688, "log_prob_1e_3": -154.64419555664062, "log_prob_1e_2": -127.88360595703125, "log_prob_1e_1": -120.44947814941406, "AUC": 0.731111111111111}