{"SHD": 46.9375, "F1": 0.14211885478117917, "log_prob_1e_8": -326.93377685546875, "log_prob_1e_7": -294.69757080078125, "log_prob_1e_6": -262.4614562988281, "log_prob_1e_5": -230.22573852539062, "log_prob_1e_4": -197.99449157714844, "log_prob_1e_3": -165.81076049804688, "log_prob_1e_2": -134.36660766601562, "log_prob_1e_1": -122.34529113769531, "AUC": 0.6984027777777777}