{"SHD": 46.40625, "F1": 0.09261310996504929, "log_prob_1e_8": -397.22576904296875, "log_prob_1e_7": -355.77923583984375, "log_prob_1e_6": -314.33270263671875, "log_prob_1e_5": -272.88604736328125, "log_prob_1e_4": -231.43893432617188, "log_prob_1e_3": -189.99063110351562, "log_prob_1e_2": -148.891845703125, "log_prob_1e_1": -126.30575561523438, "AUC": 0.6250694444444445}