{"SHD": 45.28125, "F1": 0.12491756037113673, "log_prob_1e_8": -345.113037109375, "log_prob_1e_7": -310.57427978515625, "log_prob_1e_6": -276.0355224609375, "log_prob_1e_5": -241.49664306640625, "log_prob_1e_4": -206.9575958251953, "log_prob_1e_3": -172.41961669921875, "log_prob_1e_2": -138.23226928710938, "log_prob_1e_1": -122.04585266113281, "AUC": 0.6909027777777779}