{"SHD": 48.375, "F1": 0.11539921305783635, "log_prob_1e_8": -379.3358154296875, "log_prob_1e_7": -340.19189453125, "log_prob_1e_6": -301.0480041503906, "log_prob_1e_5": -261.90447998046875, "log_prob_1e_4": -222.76507568359375, "log_prob_1e_3": -183.6699981689453, "log_prob_1e_2": -145.30874633789062, "log_prob_1e_1": -126.99105834960938, "AUC": 0.6342361111111111}