{"SHD": 47.90625, "F1": 0.08951548830682599, "log_prob_1e_8": -382.86456298828125, "log_prob_1e_7": -343.7206726074219, "log_prob_1e_6": -304.57672119140625, "log_prob_1e_5": -265.43255615234375, "log_prob_1e_4": -226.28697204589844, "log_prob_1e_3": -187.1312255859375, "log_prob_1e_2": -148.25364685058594, "log_prob_1e_1": -127.67295837402344, "AUC": 0.6270138888888889}