{"SHD": 46.78125, "F1": 0.16376791669661334, "log_prob_1e_8": -371.5618896484375, "log_prob_1e_7": -332.41796875, "log_prob_1e_6": -293.27410888671875, "log_prob_1e_5": -254.1310272216797, "log_prob_1e_4": -214.99606323242188, "log_prob_1e_3": -175.94468688964844, "log_prob_1e_2": -137.97482299804688, "log_prob_1e_1": -121.64567565917969, "AUC": 0.6392361111111111}