{"SHD": 47.78125, "F1": 0.13023940191340763, "log_prob_1e_8": -376.0594787597656, "log_prob_1e_7": -336.91552734375, "log_prob_1e_6": -297.77166748046875, "log_prob_1e_5": -258.6284484863281, "log_prob_1e_4": -219.49200439453125, "log_prob_1e_3": -180.42596435546875, "log_prob_1e_2": -142.31651306152344, "log_prob_1e_1": -125.12004852294922, "AUC": 0.6448611111111111}