{"SHD": 45.71875, "F1": 0.15720324272854302, "log_prob_1e_8": -278.19183349609375, "log_prob_1e_7": -252.86341857910156, "log_prob_1e_6": -227.53500366210938, "log_prob_1e_5": -202.20643615722656, "log_prob_1e_4": -176.87716674804688, "log_prob_1e_3": -151.54415893554688, "log_prob_1e_2": -126.50768280029297, "log_prob_1e_1": -118.8094711303711, "AUC": 0.7410763888888889}