{"SHD": 46.21875, "F1": 0.08656810578523008, "log_prob_1e_8": -444.76092529296875, "log_prob_1e_7": -396.4066162109375, "log_prob_1e_6": -348.0523681640625, "log_prob_1e_5": -299.6982421875, "log_prob_1e_4": -251.34600830078125, "log_prob_1e_3": -203.0160675048828, "log_prob_1e_2": -155.27362060546875, "log_prob_1e_1": -127.8767318725586, "AUC": 0.6095833333333334}