{"SHD": 45.25, "F1": 0.1717068009806249, "log_prob_1e_8": -306.952392578125, "log_prob_1e_7": -277.0187683105469, "log_prob_1e_6": -247.085205078125, "log_prob_1e_5": -217.15194702148438, "log_prob_1e_4": -187.2220916748047, "log_prob_1e_3": -157.32928466796875, "log_prob_1e_2": -128.09674072265625, "log_prob_1e_1": -118.08990478515625, "AUC": 0.7163888888888889}