{"SHD": 47.90625, "F1": 0.18448633820990332, "log_prob_1e_8": -273.35675048828125, "log_prob_1e_7": -248.02833557128906, "log_prob_1e_6": -222.69998168945312, "log_prob_1e_5": -197.37246704101562, "log_prob_1e_4": -172.0533447265625, "log_prob_1e_3": -146.8201446533203, "log_prob_1e_2": -122.64393615722656, "log_prob_1e_1": -118.86893463134766, "AUC": 0.7392708333333334}