{"SHD": 46.8125, "F1": 0.11522980064075772, "log_prob_1e_8": -393.4429626464844, "log_prob_1e_7": -351.9964599609375, "log_prob_1e_6": -310.54998779296875, "log_prob_1e_5": -269.10400390625, "log_prob_1e_4": -227.6636199951172, "log_prob_1e_3": -186.2811737060547, "log_prob_1e_2": -145.74148559570312, "log_prob_1e_1": -125.46701049804688, "AUC": 0.6344444444444444}