{"SHD": 46.65625, "F1": 0.10517380748341423, "log_prob_1e_8": -380.7260437011719, "log_prob_1e_7": -341.58209228515625, "log_prob_1e_6": -302.4381408691406, "log_prob_1e_5": -263.29400634765625, "log_prob_1e_4": -224.14849853515625, "log_prob_1e_3": -184.99317932128906, "log_prob_1e_2": -146.11285400390625, "log_prob_1e_1": -125.4511947631836, "AUC": 0.6284027777777778}