{"SHD": 47.40625, "F1": 0.08555767826724817, "log_prob_1e_8": -473.3569641113281, "log_prob_1e_7": -420.3974914550781, "log_prob_1e_6": -367.4382019042969, "log_prob_1e_5": -314.47998046875, "log_prob_1e_4": -261.5335693359375, "log_prob_1e_3": -208.70632934570312, "log_prob_1e_2": -157.26031494140625, "log_prob_1e_1": -128.7272186279297, "AUC": 0.5574305555555555}