{
    "test_data": {
        "auc": 0.5359027777777777,
        "cpdag-shd": 52.04,
        "log_prob": -929.5108642578125,
        "mmd-tp": -1,
        "nll_train": 140662.73540864952,
        "nll_val": 59323741.210340366,
        "nnz": 16.23,
        "num_dags": 500,
        "orientation_fscore": 0.08815167321148638,
        "shd": 49.742
    },
    "train_data": {},
    "val_data": {}
}