{
    "test_data": {
        "auc": 0.5101973684210527,
        "cpdag-shd": 18.1,
        "log_prob": -691.1232299804688,
        "mmd-tp": -1,
        "nll_train": 18.56575114086712,
        "nll_val": 18.564432048918032,
        "nnz": 0.08,
        "num_dags": 500,
        "orientation_fscore": 0.00019047619047619045,
        "shd": 20.05
    },
    "train_data": {},
    "val_data": {}
}