{
    "test_data": {
        "auc": 0.6050657894736843,
        "cpdag-shd": 90.836,
        "log_prob": -120.34599304199219,
        "mmd-tp": -1,
        "nll_train": 18.271463383799272,
        "nll_val": 18.273933907052317,
        "nnz": 85.158,
        "num_dags": 500,
        "orientation_fscore": 0.09139246483227693,
        "shd": 90.084
    },
    "train_data": {},
    "val_data": {}
}