{
    "test_data": {
        "auc": 0.7473684210526316,
        "cpdag-shd": 92.142,
        "log_prob": -119.75625610351562,
        "mmd-tp": -1,
        "nll_train": 18.307891058997185,
        "nll_val": 18.310178963967886,
        "nnz": 85.646,
        "num_dags": 500,
        "orientation_fscore": 0.09356489422199732,
        "shd": 90.426
    },
    "train_data": {},
    "val_data": {}
}