{"SHD": 63.84375, "F1": 0.1373544820794318, "log_prob_1e_8": -503.8974609375, "log_prob_1e_7": -453.2405700683594, "log_prob_1e_6": -402.5835266113281, "log_prob_1e_5": -351.92486572265625, "log_prob_1e_4": -301.250244140625, "log_prob_1e_3": -250.42161560058594, "log_prob_1e_2": -198.5325927734375, "log_prob_1e_1": -156.13121032714844, "AUC": 0.6878676470588235}