{"SHD": 64.8125, "F1": 0.13384353144046546, "log_prob_1e_8": -533.661376953125, "log_prob_1e_7": -478.39935302734375, "log_prob_1e_6": -423.13720703125, "log_prob_1e_5": -367.8740539550781, "log_prob_1e_4": -312.60150146484375, "log_prob_1e_3": -257.2388000488281, "log_prob_1e_2": -201.3662109375, "log_prob_1e_1": -157.28811645507812, "AUC": 0.6529656862745098}