{"SHD": 62.625, "F1": 0.15764893682236925, "log_prob_1e_8": -481.39007568359375, "log_prob_1e_7": -433.0357666015625, "log_prob_1e_6": -384.681396484375, "log_prob_1e_5": -336.3258056640625, "log_prob_1e_4": -287.958984375, "log_prob_1e_3": -239.4837188720703, "log_prob_1e_2": -190.32650756835938, "log_prob_1e_1": -151.760986328125, "AUC": 0.7049509803921568}