{"SHD": 65.34375, "F1": 0.11022766143463444, "log_prob_1e_8": -576.7528076171875, "log_prob_1e_7": -516.8855590820312, "log_prob_1e_6": -457.01812744140625, "log_prob_1e_5": -397.1484375, "log_prob_1e_4": -337.2569580078125, "log_prob_1e_3": -277.1541748046875, "log_prob_1e_2": -215.5440673828125, "log_prob_1e_1": -162.80706787109375, "AUC": 0.6151225490196078}