{"SHD": 64.21875, "F1": 0.1401749335103208, "log_prob_1e_8": -488.9879455566406, "log_prob_1e_7": -440.6336364746094, "log_prob_1e_6": -392.2791748046875, "log_prob_1e_5": -343.9228210449219, "log_prob_1e_4": -295.54840087890625, "log_prob_1e_3": -246.99859619140625, "log_prob_1e_2": -197.19815063476562, "log_prob_1e_1": -156.01744079589844, "AUC": 0.681299019607843}