{"SHD": 64.21875, "F1": 0.1145585242561383, "log_prob_1e_8": -541.6832885742188, "log_prob_1e_7": -486.42120361328125, "log_prob_1e_6": -431.1589660644531, "log_prob_1e_5": -375.8945007324219, "log_prob_1e_4": -320.6087341308594, "log_prob_1e_3": -265.11639404296875, "log_prob_1e_2": -208.1398468017578, "log_prob_1e_1": -159.6239013671875, "AUC": 0.6526225490196078}