{"SHD": 63.3125, "F1": 0.1287284117404379, "log_prob_1e_8": -489.5514831542969, "log_prob_1e_7": -441.1971435546875, "log_prob_1e_6": -392.84271240234375, "log_prob_1e_5": -344.4862060546875, "log_prob_1e_4": -296.110595703125, "log_prob_1e_3": -247.54879760742188, "log_prob_1e_2": -197.64303588867188, "log_prob_1e_1": -155.7604522705078, "AUC": 0.6991666666666667}