{"SHD": 62.84375, "F1": 0.17818215904133966, "log_prob_1e_8": -538.0376586914062, "log_prob_1e_7": -480.4730224609375, "log_prob_1e_6": -422.908447265625, "log_prob_1e_5": -365.3438415527344, "log_prob_1e_4": -307.7804260253906, "log_prob_1e_3": -250.23028564453125, "log_prob_1e_2": -193.05780029296875, "log_prob_1e_1": -151.320068359375, "AUC": 0.669607843137255}