{"SHD": 64.125, "F1": 0.14588178915566052, "log_prob_1e_8": -426.9519958496094, "log_prob_1e_7": -387.80804443359375, "log_prob_1e_6": -348.663818359375, "log_prob_1e_5": -309.5171203613281, "log_prob_1e_4": -270.3460693359375, "log_prob_1e_3": -230.93783569335938, "log_prob_1e_2": -189.7330322265625, "log_prob_1e_1": -154.39808654785156, "AUC": 0.7093137254901961}