{"SHD": 65.90625, "F1": 0.1111688279147348, "log_prob_1e_8": -511.75994873046875, "log_prob_1e_7": -461.1030578613281, "log_prob_1e_6": -410.44598388671875, "log_prob_1e_5": -359.78656005859375, "log_prob_1e_4": -309.10528564453125, "log_prob_1e_3": -258.21051025390625, "log_prob_1e_2": -205.74713134765625, "log_prob_1e_1": -160.81460571289062, "AUC": 0.6453431372549019}