{"SHD": 64.0, "F1": 0.14391477392758095, "log_prob_1e_8": -501.78076171875, "log_prob_1e_7": -451.1239013671875, "log_prob_1e_6": -400.46685791015625, "log_prob_1e_5": -349.8084716796875, "log_prob_1e_4": -299.13677978515625, "log_prob_1e_3": -248.33665466308594, "log_prob_1e_2": -196.69346618652344, "log_prob_1e_1": -155.35595703125, "AUC": 0.6789705882352941}