{"SHD": 64.03125, "F1": 0.10609395955105692, "log_prob_1e_8": -523.9017333984375, "log_prob_1e_7": -470.9422607421875, "log_prob_1e_6": -417.9826354980469, "log_prob_1e_5": -365.0213317871094, "log_prob_1e_4": -312.04388427734375, "log_prob_1e_3": -258.90948486328125, "log_prob_1e_2": -204.6545867919922, "log_prob_1e_1": -158.91192626953125, "AUC": 0.6747549019607844}