{"SHD": 64.21875, "F1": 0.1257777302575822, "log_prob_1e_8": -476.66461181640625, "log_prob_1e_7": -430.6128845214844, "log_prob_1e_6": -384.5609130859375, "log_prob_1e_5": -338.5064697265625, "log_prob_1e_4": -292.4277038574219, "log_prob_1e_3": -246.11236572265625, "log_prob_1e_2": -198.04124450683594, "log_prob_1e_1": -156.7449951171875, "AUC": 0.6862745098039215}