{"SHD": 63.28125, "F1": 0.1595659024600242, "log_prob_1e_8": -424.69732666015625, "log_prob_1e_7": -385.5533752441406, "log_prob_1e_6": -346.4091491699219, "log_prob_1e_5": -307.262451171875, "log_prob_1e_4": -268.0914306640625, "log_prob_1e_3": -228.68338012695312, "log_prob_1e_2": -187.48960876464844, "log_prob_1e_1": -152.48062133789062, "AUC": 0.7165441176470588}