{"SHD": 62.5625, "F1": 0.13737081660122158, "log_prob_1e_8": -476.03790283203125, "log_prob_1e_7": -429.9861755371094, "log_prob_1e_6": -383.9341735839844, "log_prob_1e_5": -337.87939453125, "log_prob_1e_4": -291.7972412109375, "log_prob_1e_3": -245.44879150390625, "log_prob_1e_2": -197.10523986816406, "log_prob_1e_1": -154.8976593017578, "AUC": 0.6978921568627451}