{"SHD": 65.8125, "F1": 0.11129867563215959, "log_prob_1e_8": -526.9366455078125, "log_prob_1e_7": -473.9771423339844, "log_prob_1e_6": -421.01751708984375, "log_prob_1e_5": -368.0557861328125, "log_prob_1e_4": -315.07427978515625, "log_prob_1e_3": -261.90057373046875, "log_prob_1e_2": -207.33828735351562, "log_prob_1e_1": -161.05612182617188, "AUC": 0.642843137254902}