{"SHD": 66.75, "F1": 0.09977439655226561, "log_prob_1e_8": -621.8760986328125, "log_prob_1e_7": -555.10107421875, "log_prob_1e_6": -488.3260498046875, "log_prob_1e_5": -421.5498962402344, "log_prob_1e_4": -354.763916015625, "log_prob_1e_3": -287.8831481933594, "log_prob_1e_2": -220.46011352539062, "log_prob_1e_1": -165.34146118164062, "AUC": 0.5877696078431371}