{"SHD": 63.5, "F1": 0.1640463420329978, "log_prob_1e_8": -389.8800048828125, "log_prob_1e_7": -355.3411865234375, "log_prob_1e_6": -320.80218505859375, "log_prob_1e_5": -286.26104736328125, "log_prob_1e_4": -251.69882202148438, "log_prob_1e_3": -216.931640625, "log_prob_1e_2": -180.625, "log_prob_1e_1": -150.677978515625, "AUC": 0.7369607843137256}