{"SHD": 64.53125, "F1": 0.12415689808456618, "log_prob_1e_8": -581.7891845703125, "log_prob_1e_7": -519.619384765625, "log_prob_1e_6": -457.44952392578125, "log_prob_1e_5": -395.2789306640625, "log_prob_1e_4": -333.1016540527344, "log_prob_1e_3": -270.8616027832031, "log_prob_1e_2": -208.35304260253906, "log_prob_1e_1": -158.909912109375, "AUC": 0.6356372549019608}