{"SHD": 65.4375, "F1": 0.11434945528362983, "log_prob_1e_8": -524.4527587890625, "log_prob_1e_7": -471.4932861328125, "log_prob_1e_6": -418.53369140625, "log_prob_1e_5": -365.5723876953125, "log_prob_1e_4": -312.5952453613281, "log_prob_1e_3": -259.4636535644531, "log_prob_1e_2": -205.24237060546875, "log_prob_1e_1": -159.97900390625, "AUC": 0.646985294117647}