{"SHD": 64.0, "F1": 0.14693516002518706, "log_prob_1e_8": -365.2135009765625, "log_prob_1e_7": -335.27984619140625, "log_prob_1e_6": -305.3459167480469, "log_prob_1e_5": -275.40875244140625, "log_prob_1e_4": -245.44044494628906, "log_prob_1e_3": -215.16732788085938, "log_prob_1e_2": -182.5019073486328, "log_prob_1e_1": -152.74765014648438, "AUC": 0.7438235294117648}