{"SHD": 62.65625, "F1": 0.14925901599966607, "log_prob_1e_8": -443.48773193359375, "log_prob_1e_7": -402.0411376953125, "log_prob_1e_6": -360.5943298339844, "log_prob_1e_5": -319.1444091796875, "log_prob_1e_4": -277.6649169921875, "log_prob_1e_3": -235.8970184326172, "log_prob_1e_2": -191.94827270507812, "log_prob_1e_1": -153.4344940185547, "AUC": 0.711593137254902}