{"SHD": 65.1875, "F1": 0.1016062513036117, "log_prob_1e_8": -575.6177978515625, "log_prob_1e_7": -515.7505493164062, "log_prob_1e_6": -455.88311767578125, "log_prob_1e_5": -396.013671875, "log_prob_1e_4": -336.12457275390625, "log_prob_1e_3": -276.04498291015625, "log_prob_1e_2": -214.6278076171875, "log_prob_1e_1": -162.4799041748047, "AUC": 0.6239950980392157}