{"SHD": 64.375, "F1": 0.1060705851760195, "log_prob_1e_8": -543.5398559570312, "log_prob_1e_7": -488.2777404785156, "log_prob_1e_6": -433.0155029296875, "log_prob_1e_5": -377.7509765625, "log_prob_1e_4": -322.46490478515625, "log_prob_1e_3": -266.96868896484375, "log_prob_1e_2": -209.9402313232422, "log_prob_1e_1": -160.81431579589844, "AUC": 0.6601470588235294}