{"SHD": 63.78125, "F1": 0.12707173251063092, "log_prob_1e_8": -458.89453125, "log_prob_1e_7": -415.1453857421875, "log_prob_1e_6": -371.39605712890625, "log_prob_1e_5": -327.6445007324219, "log_prob_1e_4": -283.8714904785156, "log_prob_1e_3": -239.8896026611328, "log_prob_1e_2": -194.35032653808594, "log_prob_1e_1": -155.51766967773438, "AUC": 0.7020833333333334}