{
    "test_data": {
        "auc": 0.6102941176470588,
        "cpdag-shd": 105.666,
        "log_prob": -170.92938232421875,
        "mmd-tp": -1,
        "nll_train": 18.312168990631086,
        "nll_val": 18.31034333026117,
        "nnz": 86.982,
        "num_dags": 500,
        "orientation_fscore": 0.18942737116560937,
        "shd": 104.49
    },
    "train_data": {},
    "val_data": {}
}