{
    "test_data": {
        "auc": 0.6917763157894736,
        "cpdag-shd": 89.826,
        "log_prob": -119.40873718261719,
        "mmd-tp": -1,
        "nll_train": 18.192722472856126,
        "nll_val": 18.194938215464088,
        "nnz": 85.812,
        "num_dags": 500,
        "orientation_fscore": 0.09716213830553741,
        "shd": 90.298
    },
    "train_data": {},
    "val_data": {}
}