{
    "test_data": {
        "auc": 0.5395486111111111,
        "cpdag-shd": 33.986,
        "log_prob": -935.1812744140625,
        "mmd-tp": -1,
        "nll_train": 1131.850084648031,
        "nll_val": 7834.571668496976,
        "nnz": 3.976,
        "num_dags": 500,
        "orientation_fscore": 0.024870681743922388,
        "shd": 42.472
    },
    "train_data": {},
    "val_data": {}
}