{
    "test_data": {
        "auc": 0.5463107735835009,
        "cpdag-shd": 96.544,
        "log_prob": -141.16896057128906,
        "mmd-tp": -1,
        "nll_train": 18.505404615396465,
        "nll_val": 18.503154860099954,
        "nnz": 83.254,
        "num_dags": 500,
        "orientation_fscore": 0.13495051961101537,
        "shd": 95.832
    },
    "train_data": {},
    "val_data": {}
}