{
    "test_data": {
        "auc": 0.45700980392156865,
        "cpdag-shd": 68.658,
        "log_prob": -1578.0699462890625,
        "mmd-tp": -1,
        "nll_train": 672446.2897819137,
        "nll_val": 361623.77284037194,
        "nnz": 7.188,
        "num_dags": 500,
        "orientation_fscore": 0.00819863160890058,
        "shd": 65.862
    },
    "train_data": {},
    "val_data": {}
}