{
    "test_data": {
        "auc": 0.47836805555555556,
        "cpdag-shd": 42.922,
        "log_prob": -1034.7818603515625,
        "mmd-tp": -1,
        "nll_train": 116804.76761412309,
        "nll_val": 50260893.210340366,
        "nnz": 5.354,
        "num_dags": 500,
        "orientation_fscore": 0.046097948828205206,
        "shd": 42.69
    },
    "train_data": {},
    "val_data": {}
}