{"SHD": 25.9375, "F1": 0.182075287157425, "log_prob": -Infinity, "AUC": 0.7563157894736842}