{"SHD": 26.4375, "F1": 0.13519561772609995, "log_prob": -Infinity, "AUC": 0.6736184210526316}