{"SHD": 29.71875, "F1": 0.10445725085390312, "log_prob": -Infinity, "AUC": 0.6411842105263157}