{"SHD": 23.6875, "F1": 0.17694243171011037, "log_prob": -Infinity, "AUC": 0.7401973684210525}