{"SHD": 22.0, "F1": 0.14857820252169954, "log_prob": -Infinity, "AUC": 0.6905263157894737}