{"SHD": 28.21875, "F1": 0.20498680947819314, "log_prob": -Infinity, "AUC": 0.785657894736842}