{"SHD": 22.3125, "F1": 0.2612311068962543, "log_prob": -Infinity, "AUC": 0.8417763157894738}