{"SHD": 23.15625, "F1": 0.1832278217722983, "log_prob": -Infinity, "AUC": 0.8023684210526315}