{"SHD": 21.1875, "F1": 0.13807886817913056, "log_prob": -Infinity, "AUC": 0.674407894736842}