{"SHD": 25.53125, "F1": 0.14031987028198095, "log_prob": -Infinity, "AUC": 0.7220394736842106}