{"SHD": 23.25, "F1": 0.2073998348703955, "log_prob": -Infinity, "AUC": 0.7532894736842105}