{"SHD": 23.84375, "F1": 0.19052871771518068, "log_prob": -Infinity, "AUC": 0.7794736842105263}