{"SHD": 25.875, "F1": 0.18766940600713528, "log_prob": -Infinity, "AUC": 0.6994736842105265}