{
    "test_data": {
        "auc": 0.7313815789473684,
        "cpdag-shd": 97.578,
        "log_prob": -130.32830810546875,
        "mmd-tp": -1,
        "nll_train": 31.849746274569256,
        "nll_val": 31.414909627846363,
        "nnz": 96.066,
        "num_dags": 500,
        "orientation_fscore": 0.11840478760931643,
        "shd": 98.988
    },
    "train_data": {},
    "val_data": {}
}