{
    "test_data": {
        "auc": 0.6786184210526316,
        "cpdag-shd": 87.622,
        "log_prob": -118.96402740478516,
        "mmd-tp": -1,
        "nll_train": 18.393765830898843,
        "nll_val": 18.397172278882614,
        "nnz": 84.284,
        "num_dags": 500,
        "orientation_fscore": 0.09104440994394879,
        "shd": 89.906
    },
    "train_data": {},
    "val_data": {}
}