{
    "test_data": {
        "auc": 0.5155263157894737,
        "cpdag-shd": 17.128,
        "log_prob": -691.1092529296875,
        "mmd-tp": -1,
        "nll_train": 18.519265300908707,
        "nll_val": 18.521606498773743,
        "nnz": 0.066,
        "num_dags": 500,
        "orientation_fscore": 0.00019047619047619045,
        "shd": 20.062
    },
    "train_data": {},
    "val_data": {}
}