{"SHD": 23.328125, "F1": 0.17310177161683174, "log_prob_1e_8": -175.50279235839844, "log_prob_1e_7": -157.08212280273438, "log_prob_1e_6": -138.66171264648438, "log_prob_1e_5": -120.24365997314453, "log_prob_1e_4": -101.84942626953125, "log_prob_1e_3": -83.69374084472656, "log_prob_1e_2": -67.98580932617188, "log_prob_1e_1": -81.03804779052734, "AUC": 0.7411842105263158}