{"SHD": 23.28125, "F1": 0.17905899981570508, "log_prob_1e_8": -173.20901489257812, "log_prob_1e_7": -154.78836059570312, "log_prob_1e_6": -136.36798095703125, "log_prob_1e_5": -117.9501953125, "log_prob_1e_4": -99.55874633789062, "log_prob_1e_3": -81.43032836914062, "log_prob_1e_2": -65.96675872802734, "log_prob_1e_1": -80.1950454711914, "AUC": 0.7536842105263158}