{"SHD": 28.4375, "F1": 0.17050463135762942, "log_prob_1e_8": -133.01388549804688, "log_prob_1e_7": -121.50099182128906, "log_prob_1e_6": -109.98828125, "log_prob_1e_5": -98.4773941040039, "log_prob_1e_4": -86.98511505126953, "log_prob_1e_3": -75.68107604980469, "log_prob_1e_2": -66.45769500732422, "log_prob_1e_1": -85.32374572753906, "AUC": 0.7730263157894737}