{"SHD": 22.8125, "F1": 0.2068880234553168, "log_prob_1e_8": -155.84288024902344, "log_prob_1e_7": -139.7248077392578, "log_prob_1e_6": -123.60699462890625, "log_prob_1e_5": -107.49175262451172, "log_prob_1e_4": -91.40237426757812, "log_prob_1e_3": -75.57167053222656, "log_prob_1e_2": -62.36453628540039, "log_prob_1e_1": -78.58130645751953, "AUC": 0.7808552631578947}