{"SHD": 26.75, "F1": 0.1931007369177215, "log_prob_1e_8": -128.757568359375, "log_prob_1e_7": -117.24465942382812, "log_prob_1e_6": -105.73200988769531, "log_prob_1e_5": -94.22171783447266, "log_prob_1e_4": -82.7352294921875, "log_prob_1e_3": -71.4871826171875, "log_prob_1e_2": -62.6824951171875, "log_prob_1e_1": -82.55154418945312, "AUC": 0.8036184210526317}