{"SHD": 26.171875, "F1": 0.17754735808393948, "log_prob_1e_8": -161.53196716308594, "log_prob_1e_7": -145.4138946533203, "log_prob_1e_6": -129.2960662841797, "log_prob_1e_5": -113.18055725097656, "log_prob_1e_4": -97.08859252929688, "log_prob_1e_3": -81.23234558105469, "log_prob_1e_2": -67.811279296875, "log_prob_1e_1": -83.37248229980469, "AUC": 0.7534868421052631}