{"SHD": 24.65625, "F1": 0.1735238098612991, "log_prob_1e_8": -193.18292236328125, "log_prob_1e_7": -172.45968627929688, "log_prob_1e_6": -151.73666381835938, "log_prob_1e_5": -131.01588439941406, "log_prob_1e_4": -110.31758117675781, "log_prob_1e_3": -89.8458251953125, "log_prob_1e_2": -71.79660034179688, "log_prob_1e_1": -83.66682434082031, "AUC": 0.7186842105263158}