{"SHD": 25.984375, "F1": 0.1552310327833657, "log_prob_1e_8": -193.1240997314453, "log_prob_1e_7": -172.40084838867188, "log_prob_1e_6": -151.67787170410156, "log_prob_1e_5": -130.95755004882812, "log_prob_1e_4": -110.26374816894531, "log_prob_1e_3": -89.8353271484375, "log_prob_1e_2": -72.09774780273438, "log_prob_1e_1": -84.45467376708984, "AUC": 0.695}