{"SHD": 24.984375, "F1": 0.16697000201397882, "log_prob_1e_8": -192.74034118652344, "log_prob_1e_7": -172.01708984375, "log_prob_1e_6": -151.29409790039062, "log_prob_1e_5": -130.5735626220703, "log_prob_1e_4": -109.87771606445312, "log_prob_1e_3": -89.42919921875, "log_prob_1e_2": -71.52365112304688, "log_prob_1e_1": -83.22805786132812, "AUC": 0.6964473684210527}