{"SHD": 20.96875, "F1": 0.1745599505317523, "log_prob_1e_8": -220.8372344970703, "log_prob_1e_7": -195.50881958007812, "log_prob_1e_6": -170.18069458007812, "log_prob_1e_5": -144.85511779785156, "log_prob_1e_4": -119.55548095703125, "log_prob_1e_3": -94.5155029296875, "log_prob_1e_2": -72.12227630615234, "log_prob_1e_1": -79.71598815917969, "AUC": 0.6955921052631578}