{"SHD": 28.921875, "F1": 0.10947287603055364, "log_prob_1e_8": -185.04833984375, "log_prob_1e_7": -166.627685546875, "log_prob_1e_6": -148.20721435546875, "log_prob_1e_5": -129.78868103027344, "log_prob_1e_4": -111.38960266113281, "log_prob_1e_3": -93.18714141845703, "log_prob_1e_2": -77.12847900390625, "log_prob_1e_1": -89.34880828857422, "AUC": 0.6803947368421053}