{"SHD": 23.671875, "F1": 0.17954726715790378, "log_prob_1e_8": -161.09542846679688, "log_prob_1e_7": -144.97735595703125, "log_prob_1e_6": -128.85943603515625, "log_prob_1e_5": -112.7431640625, "log_prob_1e_4": -96.64356231689453, "log_prob_1e_3": -80.7140121459961, "log_prob_1e_2": -66.76074981689453, "log_prob_1e_1": -80.82420349121094, "AUC": 0.7498026315789473}