{"SHD": 23.828125, "F1": 0.16732327819539725, "log_prob_1e_8": -177.6446990966797, "log_prob_1e_7": -159.2240447998047, "log_prob_1e_6": -140.80355834960938, "log_prob_1e_5": -122.38475799560547, "log_prob_1e_4": -103.98324584960938, "log_prob_1e_3": -85.7577896118164, "log_prob_1e_2": -69.56582641601562, "log_prob_1e_1": -81.78047943115234, "AUC": 0.7403947368421053}