{"SHD": 21.4375, "F1": 0.24424230833640492, "log_prob_1e_8": -137.0247039794922, "log_prob_1e_7": -123.20921325683594, "log_prob_1e_6": -109.39398956298828, "log_prob_1e_5": -95.581298828125, "log_prob_1e_4": -81.794189453125, "log_prob_1e_3": -68.2628173828125, "log_prob_1e_2": -57.326087951660156, "log_prob_1e_1": -75.5301742553711, "AUC": 0.8169736842105263}