{"SHD": 23.046875, "F1": 0.1535012152445, "log_prob_1e_8": -223.62460327148438, "log_prob_1e_7": -198.29617309570312, "log_prob_1e_6": -172.96804809570312, "log_prob_1e_5": -147.64242553710938, "log_prob_1e_4": -122.3426513671875, "log_prob_1e_3": -97.30097198486328, "log_prob_1e_2": -74.89347839355469, "log_prob_1e_1": -82.51051330566406, "AUC": 0.6576973684210526}