{"SHD": 21.59375, "F1": 0.14736476265230286, "log_prob_1e_8": -222.93836975097656, "log_prob_1e_7": -197.60995483398438, "log_prob_1e_6": -172.2817840576172, "log_prob_1e_5": -146.95584106445312, "log_prob_1e_4": -121.6526107788086, "log_prob_1e_3": -96.57803344726562, "log_prob_1e_2": -73.94013977050781, "log_prob_1e_1": -80.9549331665039, "AUC": 0.6788815789473683}