{"SHD": 21.890625, "F1": 0.19221028218679062, "log_prob_1e_8": -157.44842529296875, "log_prob_1e_7": -141.33035278320312, "log_prob_1e_6": -125.2125015258789, "log_prob_1e_5": -109.09690856933594, "log_prob_1e_4": -93.0040283203125, "log_prob_1e_3": -77.13875579833984, "log_prob_1e_2": -63.630165100097656, "log_prob_1e_1": -78.43619537353516, "AUC": 0.7854605263157894}