{"SHD": 34.765625, "F1": 0.08514600872333372, "log_prob_1e_8": -179.15298461914062, "log_prob_1e_7": -163.034912109375, "log_prob_1e_6": -146.91696166992188, "log_prob_1e_5": -130.8004150390625, "log_prob_1e_4": -114.69805145263672, "log_prob_1e_3": -98.74057006835938, "log_prob_1e_2": -84.498291015625, "log_prob_1e_1": -97.40194702148438, "AUC": 0.6476973684210525}