{"SHD": 24.59375, "F1": 0.1952227326720687, "log_prob_1e_8": -115.75250244140625, "log_prob_1e_7": -106.54216766357422, "log_prob_1e_6": -97.33194732666016, "log_prob_1e_5": -88.12278747558594, "log_prob_1e_4": -78.92431640625, "log_prob_1e_3": -69.83741760253906, "log_prob_1e_2": -62.22321319580078, "log_prob_1e_1": -80.51420593261719, "AUC": 0.8200657894736842}