{"SHD": 36.078125, "F1": 0.060378245034148376, "log_prob_1e_8": -258.9602966308594, "log_prob_1e_7": -231.32928466796875, "log_prob_1e_6": -203.698486328125, "log_prob_1e_5": -176.06951904296875, "log_prob_1e_4": -148.4595947265625, "log_prob_1e_3": -121.04278564453125, "log_prob_1e_2": -95.83654022216797, "log_prob_1e_1": -101.07414245605469, "AUC": 0.53375}