{"SHD": 23.953125, "F1": 0.1912701536412139, "log_prob_1e_8": -175.00892639160156, "log_prob_1e_7": -156.58827209472656, "log_prob_1e_6": -138.1678466796875, "log_prob_1e_5": -119.74960327148438, "log_prob_1e_4": -101.353515625, "log_prob_1e_3": -83.18067932128906, "log_prob_1e_2": -67.39402770996094, "log_prob_1e_1": -80.98359680175781, "AUC": 0.7326315789473684}