{"SHD": 24.796875, "F1": 0.20939104610384437, "log_prob_1e_8": -113.81333923339844, "log_prob_1e_7": -104.60301208496094, "log_prob_1e_6": -95.39282989501953, "log_prob_1e_5": -86.18405151367188, "log_prob_1e_4": -76.98942565917969, "log_prob_1e_3": -67.94013977050781, "log_prob_1e_2": -60.63866424560547, "log_prob_1e_1": -80.06744384765625, "AUC": 0.8242763157894737}