{"SHD": 24.234375, "F1": 0.16197213832439422, "log_prob_1e_8": -222.61068725585938, "log_prob_1e_7": -197.28225708007812, "log_prob_1e_6": -171.9541473388672, "log_prob_1e_5": -146.62884521484375, "log_prob_1e_4": -121.33196258544922, "log_prob_1e_3": -96.31900787353516, "log_prob_1e_2": -74.17117309570312, "log_prob_1e_1": -83.16116333007812, "AUC": 0.6711842105263156}