{"SHD": 28.890625, "F1": 0.1391456827016725, "log_prob_1e_8": -183.36842346191406, "log_prob_1e_7": -164.94775390625, "log_prob_1e_6": -146.52728271484375, "log_prob_1e_5": -128.1085205078125, "log_prob_1e_4": -109.70741271972656, "log_prob_1e_3": -91.48607635498047, "log_prob_1e_2": -75.3366928100586, "log_prob_1e_1": -88.09402465820312, "AUC": 0.690921052631579}