{"SHD": 26.28125, "F1": 0.08890224379576325, "log_prob_1e_8": -201.15139770507812, "log_prob_1e_7": -180.42813110351562, "log_prob_1e_6": -159.705078125, "log_prob_1e_5": -138.98362731933594, "log_prob_1e_4": -118.27891540527344, "log_prob_1e_3": -97.74382019042969, "log_prob_1e_2": -79.12354278564453, "log_prob_1e_1": -87.87468719482422, "AUC": 0.6834868421052632}