{
    "test_data": {
        "auc": 0.6854605263157895,
        "cpdag-shd": 11.33,
        "log_prob": -453.9521789550781,
        "mmd-tp": -1,
        "nll_train": 723.6007834256095,
        "nll_val": 3079.2446417682413,
        "nnz": 2.978,
        "num_dags": 500,
        "orientation_fscore": 0.15125793221271483,
        "shd": 19.14
    },
    "train_data": {},
    "val_data": {}
}