{
    "test_data": {
        "auc": 0.6004166666666666,
        "cpdag-shd": 103.276,
        "log_prob": -160.5416717529297,
        "mmd-tp": -1,
        "nll_train": 31.292455675761595,
        "nll_val": 32.45675485826643,
        "nnz": 96.234,
        "num_dags": 500,
        "orientation_fscore": 0.16957583395563613,
        "shd": 104.666
    },
    "train_data": {},
    "val_data": {}
}