{
    "test_data": {
        "auc": 0.42593749999999997,
        "cpdag-shd": 42.412,
        "log_prob": -1230.6485595703125,
        "mmd-tp": -1,
        "nll_train": 54197.61400060966,
        "nll_val": 3085300.7103403723,
        "nnz": 4.182,
        "num_dags": 500,
        "orientation_fscore": 0.0035619186503483818,
        "shd": 43.586
    },
    "train_data": {},
    "val_data": {}
}