{
    "test_data": {
        "auc": 0.6128947368421053,
        "cpdag-shd": 89.27,
        "log_prob": -120.0174331665039,
        "mmd-tp": -1,
        "nll_train": 18.519846018840333,
        "nll_val": 18.518367737144978,
        "nnz": 84.334,
        "num_dags": 500,
        "orientation_fscore": 0.08697054212539027,
        "shd": 90.75
    },
    "train_data": {},
    "val_data": {}
}