{
    "test_data": {
        "auc": 0.46907894736842104,
        "cpdag-shd": 13.302,
        "log_prob": -599.2162475585938,
        "mmd-tp": -1,
        "nll_train": 107.70408064408011,
        "nll_val": 260.6773337339561,
        "nnz": 1.596,
        "num_dags": 500,
        "orientation_fscore": 0.0034927036370814486,
        "shd": 21.29
    },
    "train_data": {},
    "val_data": {}
}