{
    "test_data": {
        "auc": 0.6118382352941176,
        "cpdag-shd": 104.054,
        "log_prob": -169.1910400390625,
        "mmd-tp": -1,
        "nll_train": 18.317884967623478,
        "nll_val": 18.318742696974503,
        "nnz": 86.042,
        "num_dags": 500,
        "orientation_fscore": 0.19257653356901527,
        "shd": 103.768
    },
    "train_data": {},
    "val_data": {}
}