{
    "test_data": {
        "auc": 0.6737745098039215,
        "cpdag-shd": 106.474,
        "log_prob": -168.40310668945312,
        "mmd-tp": -1,
        "nll_train": 30.348182756924075,
        "nll_val": 32.29275931629447,
        "nnz": 95.78,
        "num_dags": 500,
        "orientation_fscore": 0.23319244323695074,
        "shd": 107.156
    },
    "train_data": {},
    "val_data": {}
}