{
    "test_data": {
        "auc": 0.5476041666666667,
        "cpdag-shd": 105.578,
        "log_prob": -171.16603088378906,
        "mmd-tp": -1,
        "nll_train": 30.86855398238606,
        "nll_val": 33.00150708646751,
        "nnz": 95.932,
        "num_dags": 500,
        "orientation_fscore": 0.15353580092065858,
        "shd": 104.912
    },
    "train_data": {},
    "val_data": {}
}