{
    "test_data": {
        "auc": 0.6159803921568627,
        "cpdag-shd": 104.342,
        "log_prob": -169.64187622070312,
        "mmd-tp": -1,
        "nll_train": 17.905529392837863,
        "nll_val": 17.908382838060515,
        "nnz": 88.134,
        "num_dags": 500,
        "orientation_fscore": 0.19669267911897745,
        "shd": 103.908
    },
    "train_data": {},
    "val_data": {}
}