{
    "test_data": {
        "auc": 0.48059210526315793,
        "cpdag-shd": 20.37,
        "log_prob": -513.1967163085938,
        "mmd-tp": -1,
        "nll_train": 231.95128282569576,
        "nll_val": 12930.893934121978,
        "nnz": 3.774,
        "num_dags": 500,
        "orientation_fscore": 0.002703929448584621,
        "shd": 23.55
    },
    "train_data": {},
    "val_data": {}
}