{
    "test_data": {
        "auc": 0.7317013888888888,
        "cpdag-shd": 103.058,
        "log_prob": -146.15879821777344,
        "mmd-tp": -1,
        "nll_train": 31.14669530537075,
        "nll_val": 32.882415016327606,
        "nnz": 96.438,
        "num_dags": 500,
        "orientation_fscore": 0.20567523530757503,
        "shd": 101.474
    },
    "train_data": {},
    "val_data": {}
}