{
    "test_data": {
        "auc": 0.5155392156862746,
        "cpdag-shd": 104.256,
        "log_prob": -171.2042236328125,
        "mmd-tp": -1,
        "nll_train": 18.433129359405143,
        "nll_val": 18.433028545993075,
        "nnz": 85.126,
        "num_dags": 500,
        "orientation_fscore": 0.18527576221136122,
        "shd": 104.546
    },
    "train_data": {},
    "val_data": {}
}