{
    "test_data": {
        "auc": 0.5595098039215686,
        "cpdag-shd": 104.868,
        "log_prob": -173.72169494628906,
        "mmd-tp": -1,
        "nll_train": 17.914646900892336,
        "nll_val": 17.915410381494446,
        "nnz": 87.638,
        "num_dags": 500,
        "orientation_fscore": 0.18642177718797137,
        "shd": 103.744
    },
    "train_data": {},
    "val_data": {}
}