{
    "test_data": {
        "auc": 0.5161111111111112,
        "cpdag-shd": 42.09,
        "log_prob": -1230.933349609375,
        "mmd-tp": -1,
        "nll_train": 201355.38353191366,
        "nll_val": 415416.49159037194,
        "nnz": 3.348,
        "num_dags": 500,
        "orientation_fscore": 0.002855563769702272,
        "shd": 42.53
    },
    "train_data": {},
    "val_data": {}
}