{
    "test_data": {
        "auc": 0.48638157894736844,
        "cpdag-shd": 17.524,
        "log_prob": -479.33685302734375,
        "mmd-tp": -1,
        "nll_train": 50.943501853024564,
        "nll_val": 253.41834309736404,
        "nnz": 3.55,
        "num_dags": 500,
        "orientation_fscore": 0.003663815854310607,
        "shd": 23.212
    },
    "train_data": {},
    "val_data": {}
}