{
    "test_data": {
        "auc": 0.5799342105263159,
        "cpdag-shd": 14.058,
        "log_prob": -525.9468994140625,
        "mmd-tp": -1,
        "nll_train": 114.45415184978957,
        "nll_val": 215.70397361054063,
        "nnz": 3.43,
        "num_dags": 500,
        "orientation_fscore": 0.1365014671319019,
        "shd": 20.126
    },
    "train_data": {},
    "val_data": {}
}