{
    "test_data": {
        "auc": 0.6739930555555556,
        "cpdag-shd": 97.724,
        "log_prob": -143.67144775390625,
        "mmd-tp": -1,
        "nll_train": 17.981611004059502,
        "nll_val": 17.978223394893618,
        "nnz": 87.136,
        "num_dags": 500,
        "orientation_fscore": 0.15921938617859366,
        "shd": 96.468
    },
    "train_data": {},
    "val_data": {}
}