{
    "test_data": {
        "auc": 0.47888157894736844,
        "cpdag-shd": 18.168,
        "log_prob": -563.9901733398438,
        "mmd-tp": -1,
        "nll_train": 556.2017692183435,
        "nll_val": 3378.2635630282266,
        "nnz": 3.33,
        "num_dags": 500,
        "orientation_fscore": 0.009321424855615261,
        "shd": 22.87
    },
    "train_data": {},
    "val_data": {}
}