{
    "test_data": {
        "auc": 0.5502941176470588,
        "cpdag-shd": 63.228,
        "log_prob": -1633.5010986328125,
        "mmd-tp": -1,
        "nll_train": 32018461.289781913,
        "nll_val": 8051014.710340371,
        "nnz": 7.996,
        "num_dags": 500,
        "orientation_fscore": 0.08877794723835938,
        "shd": 60.984
    },
    "train_data": {},
    "val_data": {}
}