{
    "test_data": {
        "auc": 0.4913194444444444,
        "cpdag-shd": 44.028,
        "log_prob": -1073.739013671875,
        "mmd-tp": -1,
        "nll_train": 191126.16478191366,
        "nll_val": 187897.6634513173,
        "nnz": 4.872,
        "num_dags": 500,
        "orientation_fscore": 0.010649760804342748,
        "shd": 43.778
    },
    "train_data": {},
    "val_data": {}
}